read_name,barcode
4112556c-9e46-4f19-aa5b-5d9c9502d2bd,GACATAATTGATTCC
e148898d-2408-4947-9f86-3ad85468208c,TTTACTCTGGAAGTG
e67badc3-4a1e-45d8-93be-726c65f449e6,AGAATTTCGACGCAA
a372cb0f-0fa4-43cd-b21f-519f04688754,AAACGGTATTGCCAT
77b0accc-6be2-4cac-92db-d46f404b2b68,ACCCAACGATTGGTT
b1af38f4-f869-4878-86fc-a608b9b2311b,CAAGCGTCGTTGGTT
9112d76e-b31a-4b19-84c7-783dd3eb214b,AGGAGCTCAGTAGGG
5b934c3f-b524-4960-8201-4bb103647e34,CCCGTGTATATGGCT
6b24c1b2-35c6-46f3-a409-8fc2e3b1630d,CGTATAGTTAGCTTG
4adbc4c8-c821-4c0d-8ce9-58af08a15fc1,TGGGTGCCGTTACTC
ac95a400-f640-449a-a1ad-124a0e60cb87,TGTAGGGTATTTGGT
c3b418e3-598f-4a4b-8ec5-40df9937e254,ATCGTGCTGATGCAC
1b959cf1-fab9-4b9d-871a-1ee87993885c,GTCACAGGCCAACAC
490dc82f-31fe-496c-9d8b-4feff0a1677d,GGGAAGTAGAAGTTT
d6fefef4-e4d2-4445-95f8-9cf9bdafc18a,GCCCGATTGTTCATT
54c2e0c9-51f7-4652-8b87-0d0e2cc82ea4,CGTTATGTTAGCTAC
89a03dc8-7b5a-49c0-b5bb-ce0c5b88af13,CGACTCTGCATGAAC
3a7cd958-999a-405c-aa85-7e590672c040,GTTGACGTTTACCGT
7f209762-d7e4-4525-b847-aed06c1df8d1,GAGTACCACTATAGA
9cc6b84e-f373-45c1-9339-ecd368355e13,GCTGATTTATCTACC
44bfd39f-972f-45d6-a89b-ecd2f75ee396,GGTGCACCAACGCGC
6b55f785-1f90-47ed-8894-54b7c59b7c5f,ATATTACCTTAACTG
05a9132d-20b2-4e7f-aadc-e766e8ff2878,AGAGAGTCCTGAGCG
77720ce2-a78c-4b48-98bd-1f01f6463418,CGGCGTAGCATGTGC
d8f8ff35-d4d8-4d4b-94cf-0c9159566656,CGCGAGAAAAAGTGC
efd7bfe4-68c2-4c10-8a28-f3ce1346cb8f,ATGGAAGTAAGCGTG
b2fcb936-b7ed-4b46-a81a-54b9a38e6162,CGACTCTACTCTGAA
c144f875-8332-4da0-b435-937952330293,CTGCACCGACTGAAT
68255461-4f50-4d6f-9bb4-cc97a73e223a,GAGTGTATGAGATAT
fb05611b-4c74-46fa-8dc4-e01aaf0fe63c,TACAACTGGGGGACC
12ff0aa5-b091-4f94-8094-691a24320cd9,CAGGCCATGCTTTGA
6477e851-afd4-4c2e-b61c-8d71a0f1e4aa,AGATTAGGGGCTGCA
cee2ca66-4e82-470b-9bc0-9afc69d466be,GGTGAAGTTGCTACT
ac54b043-cabf-4e9a-93c5-0b0793d94a4b,TTAGGATCATAAAAT
f42530bb-0bb1-4e6f-aec5-eb8c3d3c1f53,AGCCCTATTTGTGAA
c4601714-655e-4ebe-bfba-09871cf9508c,ATTTCGTCGTATTGT
87cd8be8-4271-4a01-8c1d-d6fd4f28ccbe,CTCATAATTGGCCGT
ca87bfb6-5ee2-4caf-a677-97e19ab97685,TGGAGAATTCAGCGA
66f24ebd-3998-4f18-972e-ec3c4c8b7cf0,AGGGTGATTATGCAG
8740b6d9-191e-4066-bacc-8656913141b2,TATGAGTCTATCCGG
150f0afd-2010-494b-bd09-2c863af317f2,ATTGGGCAGGCATGA
c36233e7-0cfc-4de8-b89d-c04daaeac524,CCTTTTTATGACCAT
f1239835-828b-44de-bc41-0960c5051f1a,TCCGCACCCGAAGCG
f68f5752-b32f-4fe0-a838-d747e1d7e575,CGGTCCTACCTCCTG
db561cf8-2772-4210-b54b-851991cbec67,GATTAGAAGGGGTCT
93f3c983-838e-4645-9bae-34ada4684b30,TGTTTCAGTGTGATT
c2ec27f0-f15f-45e0-a7f8-e8a800519341,TTAGGATCATAAAAT
f2f4d07b-d641-4f1e-8808-3101be617094,CTCCGCCATGTAGCG
6a4d0f9d-fea7-434f-9cc4-84bb95a838a6,CGAGTTTTTAGTGTT
0f789f45-db14-47c6-bdb5-035176059aa1,TAGTAGAGAAACATC
1108db71-a985-427a-83b6-bf3b929edfd8,CTCGTTTCGTAGTGA
eb889d63-4ba9-4c79-aa9c-29b6d0d6fb87,AACGAATATCATATG
9b8ff735-c3fb-4c22-a5c5-a2356c0ee230,TTGAGAACCACGTCT
ccbc5ce2-8d40-4c6e-9620-e43eaf48b823,TTTCGTATAAAGTGT
2f4bd867-2806-4455-bc96-ef15abe84dc9,CCTCCGACGCCGTGT
66f734d5-e301-4bc0-baa8-954c5e76e0b3,GCTTGTAATTTATAT
8fd9d747-342c-4761-90d4-2aa721a49f6a,TTGGGGGTACTCCGA
9c6336cf-8934-4687-8862-4afa4d018ce1,TTCAAGTCGCTGTAG
538ff7ac-dbad-4771-9485-e55d735826ed,ACTTACTGATTTACG
7361ad4c-d8ac-464c-ad24-acf5f78b6105,TAGTTATAAATGTTA
13fad160-656c-44ca-bfaf-93b6c07b669e,TTTTTATGGCGTAGT
ee146398-c349-4a53-a1e4-4ee4454bb83d,TAGGTATGAACGCGC
c88c6063-7ec2-4b79-940c-7f377881637b,TTCGGTTACATAACC
05ba41fe-2e8a-4212-88e5-3d4a302c877a,TTAGCGGCTTGATTT
627b3c76-74a2-4185-8394-0b16bb669af2,CGGCGCGAGACATAG
9ede9140-cbe7-4314-acd5-8471b24a9183,TTGACTGATTTGATG
e0f04c17-c499-4b8f-9904-c20d6c0bc644,CGCGCTTAAAGGTAC
da82faa4-5632-46b2-82ef-8eec857aa44c,AGGAATCGGTGAGCT
fb9ae135-367c-4a9b-8fc4-064d2c88deee,CTTTGCACCAGTATA
941ff40f-95d1-4325-a6a8-a30a0e02e52a,GGTCCCGGCAATCCA
2979092a-9dd3-4ea3-81a9-23a2f0d92a80,ATTCAGGCATAGTGC
27619315-9ef2-4a94-a8ee-57b54a8e660d,AACCGGGCAGTTCCG
7b6e11cf-1b31-4373-995c-dff45e4e7cce,TGGAATTAAGTTATG
365035a9-8eba-45a5-827a-46688727f628,TGCTTCTCAAGTACT
c890c9c9-cac3-41bd-bd36-b56e3a67e78b,CGTTAGAATCGTTTA
1aac2822-5b63-44cc-8e7d-69085c8eda38,TTCAAGTCGCTGTAG
28d520dc-6f4f-4e89-8f20-7419fc6d6898,AAAGTTAGCACGAAC
46920729-524e-469c-8841-da907abdd079,CTTTGTAAATTTTAA
bededb5c-ed1d-4151-a0f6-6d3d2d9cf585,TGTGCGTGATCCCCT
290861ef-a20b-4c0c-989c-cd6a3c8a4c22,AAGGTTGACCGATGC
71788f11-7a94-4e99-9bc0-ada94712db76,AACATTTAATTGAGA
fe99237c-6bbe-4285-aaf2-839f47020d4e,AATAAATAGTAGCTG
c3e8ce0b-9887-4dd5-accc-bd829d87d7e7,GAGTAAGTGTCAGAG
669e8765-2393-41f2-a6e7-0ef418ed2a08,GCCTCTATAGCCCTT
1c2a26b2-458d-4bb8-8415-3df462507694,AATTATCGCAGGAGA
4a24d2bd-2636-46cf-8448-86fc56baaf6a,GTGTACGTTAACCGA
ac14917e-979e-495a-a387-67c3367e2879,CTCACCTCGTGTACG
aea7595a-ec62-4f46-9f50-a6087b4b8e40,TCAGGCATTCAGGGG
d734ce12-dafa-49b2-bfca-b3387a52b194,GTTACAATCTAAAAT
29459dd7-f9f6-4a71-ab47-835b20ffd2fc,GAAGAGTCACATCGG
d1de178e-b2e9-457e-8bbe-a5fe6b7a43b4,AACTGCTGGTAAGTC
b1a0e3a4-a005-4be1-8cec-d57a5d9043f9,ATTAGGCCGGTTTGG
99020a99-e97f-4997-bb9e-e92fb64483fc,TAGCGTGTCCTTCAG
8af9da85-f0e8-45b3-8c3d-749ea4906e1f,CTACAAGGTAAGTTC
fe9cf3a0-4782-4853-aa0b-052a04ae04e6,TTTTACTGTAGCCGC
2d88607f-e6ce-432e-87cd-a03d164ef3c6,CAGGTATAATATGAT
526c94b5-8be5-410b-a9f2-d74006cc22b8,CGTACCTCTCCTCGT
4e8da30d-a1cf-4714-87d9-408676b3a6a2,TCGTCGCCTCAACAT
5f016a4f-5c5c-412d-ba9e-a280495553ba,GTGGGGGGCTAACTC
7fc1c62d-f1bf-429e-9841-07021adc49f2,TGGCCTGGTGTGCTG
bebe54fd-fea3-40f9-9fab-8d7a305b064f,GGTGAGGGCGGGCGG
f503b3b5-657e-4831-a47f-06ce3b994f27,CTAGTTCTGTACGCA
a76c3801-bc9f-4a27-9202-4b1ef9bcb30e,TAGATTTGTGATGTT
b55e099f-7adf-4831-b699-0bc0c9816e4e,GGTGCACCAACGCGC
5db945b6-8c38-4793-b6ed-8e010482eb45,ATTGCGTCCTGCCTA
2815497f-6154-4873-a824-3e031febee15,TTTTATGTGTTTGTA
caeab206-55d5-4eb2-a979-7bbaf0bd812b,GTATGATGTTGTCTG
ef7e254b-d829-407a-ab21-028806971b5e,CCTTTGCAGAATGTG
24da3313-3fdc-4c27-9286-a75a7395f9aa,ACCTACTTCTTTTTA
ab230cac-52ea-41e8-a7ba-157180ed4752,GCCTAATTCCAATTA
cb9361c3-e094-4323-853f-194e0f687b1e,CACAGAGGGGTCCGT
c8ff5692-5477-4072-8c43-6a2217640ecb,AGGGGAGGGGCACAT
eb31edc9-e8ab-4283-9218-375614360236,GACTGAAGGTTCATG
37bf43de-0ea1-4f89-a678-d512d682d433,CTAACCAAGGGGATA
88f28e34-fad9-4248-8a46-bfd677ec5d4b,GTTTGATGTGAACCG
d983f34b-d1a9-4fe7-ae53-7f5e547878f4,TGCCGGAGTTCGTTT
ca393a9b-9712-43b6-82ac-44a9208023df,TGTAAGCTTTATCCG
df0ce9df-3877-4879-9e81-94215385a721,GTTGTAGTGGTAAAT
a4fab938-8fe0-44c2-b378-2a69ce1459af,CGTGTTATGATGCTC
3fdea58b-0d86-4323-bae0-69b0ad006dc6,TATATTGGTATTGTC
5bff40f7-5aba-4109-952a-da7d9fa9e08e,GTATAATCTAATGCG
be9721da-8750-4a58-98d6-cc762ef1b7aa,TATGGTTGGCTACGC
f3c14ec7-ca1d-4493-9170-4eba47c602af,GGAATGGTCAACTAT
3f26df3e-afb0-493f-b95a-14afd12bca52,AGTGAACGGAGAACA
dfc5ea31-39d0-48df-b58f-c03555d90abb,TGAGCTTCCAACATA
ea142424-8cb7-4240-9ce7-1acc8ff5601f,AGATTAGGGGCTGCA
644759fc-5ec9-403d-907c-7f896e251f70,TCTAACGTCGACCTC
0d8d8630-501d-4a8c-8065-19736257775c,AGAGGTCCTTCTACG
63e7e05e-9f0b-4a1f-b46a-f026924a9b5b,AGTACACGACTGTCA
a60fd232-f264-4e8f-8384-dcfe8cd0c564,CCCCATCCTACGTGT
6d746f5d-580e-4de4-8afa-4afcfd8ca7c4,CGAAGGGTAAGGGGA
dd550f10-7ed4-4bae-8cee-8458c65b805d,TTTCTACTGGAAGTG
ddc3917e-5cb0-448a-a916-ddf020eca049,TGGATCACTACGCTT
de770c63-86a8-428c-88a0-5981aa0e62a8,AACTATCGGCTGCTG
8b68d28d-71b9-4dde-b255-bbe9812e3eb4,CCAACTCTCGTAGAC
bb193ac1-3f58-46fb-b084-f1faa5d20edc,CAATGAGTTAGACTA
6a8a12eb-8508-43e7-865b-8eaf5f68555d,AAAGTTAGCACGAAC
ccdb3052-f120-4238-8d53-586ce85dd19d,ATCCTGAGTACAGAT
8a2619b9-b316-44c7-8808-32c84b9cefb1,GGGTGAGGTTTCAAG
ed01174d-394b-4ec4-bd4c-8566d47313b9,GGGTATATTGTTTCT
c991f454-56c6-436f-8f8d-2fa7e2f2bc39,TACCTGCAGAGTGTT
1d98ded7-d553-4694-8c29-328e64c0df26,TCCTTTGTTGCTCTA
dcf43bcd-a22f-43d2-8f5c-68eb9988b1d0,TCAGGCATTCAGGGG
1e3ca4bf-bf3d-4e0f-8d63-9413616e352d,GGGTATGTGACAGCC
bac47279-4762-4c4b-8056-ccc858fc64f6,TACAATAGTAACGCA
56716141-7ca0-4b3b-9b7c-a79b0f4f2b1a,CATATCAACGGTAAT
d3826c3a-6eba-4545-9f7c-bb19142dfd99,AGCCGGCACCATTCA
93e6c2af-2ebf-4eb9-8dda-6a6286de501d,GAAAGTGATGTATCG
a961d2c1-bab1-4dd7-affe-f8e13a35e83c,AGCATGGTATCCGGA
3a725e0f-4b32-4b4c-8139-a3326dfda0bd,ATAATAGCCCTGATA
367468cb-d5f6-4f5e-a758-6733773d1d34,ATTTATCATCAAACT
0fa1d217-4efe-4c34-9d36-04d04a7332ef,ACCCCCGTTGGCTCC
7d62b506-68df-415c-a0de-97b1ee6b251c,CAGGCCATGCTTTGA
6caab122-3fc8-489a-9eb5-8550fd079cd3,GGGGGTTGTAGTCGT
5e1984db-10e6-4595-b90b-eaf2a0a7a709,TCGAGTGGTGCATGT
