portion_replicate,portions
25.0% - #1,"[0, 2, 2, 2, 0, 2, 0, 0, 4, 2, 0, 0]"
25.0% - #2,"[2, 0, 1, 0, 1, 4, 0, 0, 1, 4, 1, 0]"
25.0% - #3,"[3, 0, 1, 0, 1, 6, 0, 1, 0, 0, 2, 0]"
25.0% - #4,"[0, 1, 0, 1, 0, 1, 1, 4, 3, 0, 0, 3]"
25.0% - #5,"[2, 3, 1, 1, 1, 0, 0, 1, 2, 1, 1, 1]"
25.0% - #6,"[1, 0, 0, 0, 2, 1, 1, 6, 0, 2, 0, 1]"
25.0% - #7,"[0, 0, 0, 4, 1, 1, 0, 1, 2, 3, 2, 0]"
25.0% - #8,"[3, 0, 0, 1, 0, 1, 0, 2, 4, 1, 1, 1]"
25.0% - #9,"[0, 0, 1, 0, 0, 0, 2, 9, 1, 0, 0, 1]"
25.0% - #10,"[0, 1, 0, 0, 0, 0, 4, 3, 3, 2, 1, 0]"
25.0% - #11,"[1, 2, 0, 2, 1, 0, 0, 0, 0, 4, 2, 2]"
25.0% - #12,"[3, 0, 2, 2, 1, 5, 0, 0, 0, 0, 0, 1]"
25.0% - #13,"[0, 1, 1, 0, 0, 3, 1, 2, 5, 0, 0, 1]"
25.0% - #14,"[1, 3, 0, 0, 0, 4, 2, 2, 1, 0, 0, 1]"
25.0% - #15,"[1, 3, 2, 1, 1, 0, 2, 0, 1, 3, 0, 0]"
25.0% - #16,"[0, 2, 2, 0, 0, 3, 3, 0, 1, 0, 0, 3]"
25.0% - #17,"[3, 1, 2, 0, 1, 1, 0, 1, 0, 0, 1, 4]"
25.0% - #18,"[1, 2, 1, 0, 1, 0, 0, 2, 1, 4, 2, 0]"
25.0% - #19,"[0, 0, 0, 4, 1, 1, 1, 5, 2, 0, 0, 0]"
25.0% - #20,"[1, 0, 0, 2, 1, 0, 2, 2, 1, 2, 0, 3]"
25.0% - #21,"[1, 0, 2, 0, 0, 1, 1, 0, 0, 4, 2, 3]"
25.0% - #22,"[1, 0, 1, 1, 0, 1, 4, 0, 3, 1, 1, 1]"
25.0% - #23,"[1, 2, 1, 0, 0, 0, 4, 0, 2, 0, 1, 3]"
25.0% - #24,"[0, 2, 1, 0, 1, 1, 3, 0, 2, 3, 0, 1]"
25.0% - #25,"[0, 0, 0, 1, 2, 0, 3, 1, 4, 0, 0, 3]"
25.0% - #26,"[2, 0, 1, 0, 0, 4, 1, 0, 0, 4, 2, 0]"
25.0% - #27,"[4, 2, 1, 0, 2, 0, 0, 3, 0, 1, 0, 1]"
25.0% - #28,"[1, 2, 2, 0, 2, 0, 0, 1, 1, 0, 2, 3]"
25.0% - #29,"[1, 0, 0, 1, 1, 1, 0, 6, 1, 1, 2, 0]"
25.0% - #30,"[0, 2, 2, 2, 0, 1, 1, 3, 0, 1, 1, 1]"
25.0% - #31,"[1, 2, 0, 1, 2, 0, 0, 0, 0, 2, 3, 3]"
25.0% - #32,"[4, 0, 0, 2, 0, 0, 0, 0, 3, 2, 2, 1]"
25.0% - #33,"[0, 2, 2, 2, 0, 1, 0, 1, 4, 0, 2, 0]"
25.0% - #34,"[0, 0, 1, 0, 1, 2, 0, 5, 3, 1, 1, 0]"
25.0% - #35,"[1, 1, 0, 0, 1, 4, 4, 1, 0, 1, 1, 0]"
25.0% - #36,"[1, 0, 0, 0, 2, 2, 0, 3, 1, 1, 1, 3]"
25.0% - #37,"[0, 0, 0, 2, 1, 6, 0, 1, 3, 0, 0, 1]"
25.0% - #38,"[0, 0, 0, 1, 0, 4, 4, 0, 1, 2, 0, 2]"
25.0% - #39,"[2, 0, 1, 0, 1, 2, 1, 2, 4, 1, 0, 0]"
25.0% - #40,"[0, 2, 0, 3, 0, 3, 4, 0, 1, 0, 0, 1]"
25.0% - #41,"[1, 1, 0, 1, 2, 2, 0, 0, 1, 4, 1, 1]"
25.0% - #42,"[0, 1, 0, 0, 0, 3, 3, 0, 4, 0, 2, 1]"
25.0% - #43,"[0, 3, 0, 3, 0, 2, 2, 0, 0, 1, 0, 3]"
25.0% - #44,"[1, 3, 1, 0, 0, 4, 1, 1, 0, 0, 0, 3]"
25.0% - #45,"[0, 1, 1, 1, 1, 0, 3, 1, 2, 3, 0, 1]"
25.0% - #46,"[0, 2, 2, 0, 2, 0, 2, 2, 0, 0, 0, 4]"
25.0% - #47,"[2, 0, 0, 0, 0, 6, 4, 2, 0, 0, 0, 0]"
25.0% - #48,"[0, 1, 2, 6, 2, 1, 2, 0, 0, 0, 0, 0]"
25.0% - #49,"[2, 1, 1, 2, 0, 1, 1, 1, 0, 3, 0, 2]"
25.0% - #50,"[0, 0, 0, 2, 2, 3, 2, 0, 0, 1, 1, 3]"
25.0% - #51,"[0, 1, 1, 1, 1, 2, 3, 0, 1, 1, 3, 0]"
25.0% - #52,"[2, 0, 1, 1, 2, 1, 2, 0, 1, 1, 0, 3]"
25.0% - #53,"[1, 1, 2, 0, 0, 2, 0, 3, 1, 1, 3, 0]"
25.0% - #54,"[0, 3, 1, 2, 2, 1, 2, 0, 0, 0, 3, 0]"
25.0% - #55,"[1, 2, 0, 0, 1, 0, 1, 0, 5, 1, 2, 1]"
25.0% - #56,"[1, 1, 1, 0, 2, 0, 0, 0, 1, 4, 3, 1]"
25.0% - #57,"[0, 2, 1, 1, 1, 1, 1, 2, 0, 1, 2, 2]"
25.0% - #58,"[0, 1, 2, 0, 2, 0, 0, 3, 1, 3, 2, 0]"
25.0% - #59,"[1, 3, 0, 1, 1, 0, 0, 2, 3, 3, 0, 0]"
25.0% - #60,"[1, 2, 0, 2, 0, 0, 1, 4, 0, 2, 2, 0]"
25.0% - #61,"[0, 0, 0, 4, 1, 1, 0, 0, 2, 3, 1, 2]"
25.0% - #62,"[0, 3, 1, 4, 1, 3, 1, 0, 0, 0, 0, 1]"
25.0% - #63,"[1, 2, 0, 4, 0, 0, 0, 1, 0, 1, 2, 3]"
25.0% - #64,"[0, 1, 2, 0, 2, 1, 2, 0, 3, 2, 0, 1]"
25.0% - #65,"[0, 3, 2, 0, 1, 0, 0, 0, 3, 1, 3, 1]"
25.0% - #66,"[0, 1, 1, 0, 0, 4, 0, 2, 4, 1, 1, 0]"
25.0% - #67,"[2, 0, 0, 0, 2, 3, 2, 0, 0, 0, 2, 3]"
25.0% - #68,"[0, 1, 1, 3, 1, 1, 4, 1, 2, 0, 0, 0]"
25.0% - #69,"[1, 2, 2, 1, 1, 1, 2, 0, 1, 2, 0, 1]"
25.0% - #70,"[2, 3, 0, 0, 1, 1, 4, 0, 1, 0, 2, 0]"
25.0% - #71,"[0, 2, 0, 6, 1, 0, 2, 0, 0, 0, 1, 2]"
25.0% - #72,"[0, 0, 0, 0, 0, 5, 3, 0, 4, 1, 0, 1]"
25.0% - #73,"[0, 0, 2, 2, 0, 3, 3, 1, 2, 0, 1, 0]"
25.0% - #74,"[0, 2, 1, 3, 2, 1, 0, 3, 0, 0, 1, 1]"
25.0% - #75,"[3, 1, 0, 0, 0, 0, 4, 1, 1, 3, 1, 0]"
25.0% - #76,"[4, 0, 1, 0, 0, 0, 1, 1, 2, 0, 2, 3]"
25.0% - #77,"[0, 3, 0, 0, 1, 1, 0, 2, 4, 0, 3, 0]"
25.0% - #78,"[1, 1, 1, 2, 1, 1, 2, 0, 0, 1, 1, 3]"
25.0% - #79,"[3, 0, 0, 0, 0, 1, 2, 1, 2, 3, 0, 2]"
25.0% - #80,"[2, 1, 0, 1, 0, 1, 0, 1, 4, 0, 1, 3]"
25.0% - #81,"[0, 1, 0, 2, 1, 0, 2, 4, 0, 3, 0, 1]"
25.0% - #82,"[3, 0, 0, 2, 0, 0, 1, 6, 0, 0, 2, 0]"
25.0% - #83,"[0, 0, 1, 0, 1, 0, 1, 3, 2, 4, 2, 0]"
25.0% - #84,"[2, 0, 2, 4, 0, 2, 1, 0, 2, 0, 0, 1]"
25.0% - #85,"[3, 0, 1, 0, 1, 0, 4, 1, 1, 0, 3, 0]"
25.0% - #86,"[0, 2, 1, 1, 0, 1, 2, 2, 2, 2, 0, 1]"
25.0% - #87,"[0, 1, 2, 2, 0, 0, 0, 0, 4, 1, 1, 3]"
25.0% - #88,"[0, 1, 0, 1, 2, 0, 1, 2, 1, 2, 1, 3]"
25.0% - #89,"[2, 1, 0, 1, 0, 5, 0, 2, 0, 2, 1, 0]"
25.0% - #90,"[4, 0, 1, 1, 1, 0, 1, 4, 2, 0, 0, 0]"
25.0% - #91,"[0, 0, 1, 0, 1, 4, 1, 0, 2, 2, 0, 3]"
25.0% - #92,"[0, 1, 1, 5, 0, 4, 2, 0, 0, 0, 0, 1]"
25.0% - #93,"[2, 1, 0, 3, 1, 0, 0, 4, 1, 0, 0, 2]"
25.0% - #94,"[1, 1, 1, 0, 0, 1, 2, 0, 0, 3, 1, 4]"
25.0% - #95,"[3, 1, 2, 0, 1, 2, 1, 0, 0, 0, 2, 2]"
25.0% - #96,"[4, 0, 1, 5, 0, 0, 0, 2, 2, 0, 0, 0]"
25.0% - #97,"[4, 0, 0, 2, 0, 0, 3, 0, 1, 1, 3, 0]"
25.0% - #98,"[2, 1, 0, 2, 0, 4, 0, 1, 0, 4, 0, 0]"
25.0% - #99,"[2, 0, 2, 4, 1, 1, 0, 1, 0, 2, 1, 0]"
25.0% - #100,"[1, 1, 0, 1, 1, 3, 0, 0, 3, 0, 1, 3]"
25.0% - #101,"[2, 0, 0, 3, 0, 0, 3, 0, 0, 4, 0, 2]"
25.0% - #102,"[2, 0, 1, 2, 0, 3, 0, 1, 0, 0, 1, 4]"
25.0% - #103,"[2, 1, 1, 0, 0, 1, 1, 4, 0, 2, 1, 1]"
25.0% - #104,"[1, 0, 0, 0, 1, 0, 3, 2, 5, 0, 1, 1]"
25.0% - #105,"[3, 2, 1, 0, 0, 0, 2, 0, 1, 0, 2, 3]"
25.0% - #106,"[1, 2, 1, 2, 1, 1, 0, 0, 1, 2, 2, 1]"
25.0% - #107,"[4, 0, 1, 0, 2, 1, 1, 2, 0, 0, 1, 2]"
25.0% - #108,"[1, 1, 1, 1, 0, 2, 1, 3, 1, 0, 3, 0]"
25.0% - #109,"[3, 3, 0, 0, 0, 4, 0, 1, 0, 2, 1, 0]"
25.0% - #110,"[0, 2, 1, 0, 1, 3, 2, 0, 1, 2, 2, 0]"
25.0% - #111,"[0, 2, 2, 0, 1, 1, 3, 1, 1, 2, 0, 1]"
25.0% - #112,"[1, 3, 1, 1, 0, 0, 0, 5, 1, 2, 0, 0]"
25.0% - #113,"[0, 0, 0, 1, 1, 0, 1, 3, 1, 4, 1, 2]"
25.0% - #114,"[1, 0, 0, 0, 2, 0, 4, 0, 2, 3, 2, 0]"
25.0% - #115,"[0, 1, 1, 1, 2, 2, 0, 4, 1, 0, 2, 0]"
25.0% - #116,"[3, 1, 0, 1, 2, 1, 1, 0, 0, 1, 2, 2]"
25.0% - #117,"[1, 0, 1, 1, 2, 0, 3, 1, 0, 1, 1, 3]"
25.0% - #118,"[2, 0, 0, 1, 0, 2, 3, 1, 1, 0, 3, 1]"
25.0% - #119,"[0, 0, 0, 3, 1, 3, 0, 3, 0, 1, 3, 0]"
25.0% - #120,"[0, 2, 0, 0, 1, 1, 2, 0, 2, 1, 1, 4]"
25.0% - #121,"[1, 0, 0, 0, 0, 3, 1, 2, 5, 0, 2, 0]"
25.0% - #122,"[1, 0, 1, 1, 1, 6, 0, 0, 3, 0, 0, 1]"
25.0% - #123,"[0, 2, 0, 5, 1, 0, 0, 3, 0, 1, 1, 1]"
25.0% - #124,"[0, 0, 0, 6, 2, 0, 0, 0, 0, 3, 3, 0]"
25.0% - #125,"[1, 1, 2, 1, 1, 3, 0, 3, 0, 1, 1, 0]"
25.0% - #126,"[3, 2, 2, 1, 2, 0, 3, 0, 0, 0, 1, 0]"
25.0% - #127,"[1, 1, 2, 0, 0, 1, 3, 2, 1, 0, 1, 2]"
25.0% - #128,"[1, 0, 1, 0, 0, 4, 0, 4, 1, 2, 1, 0]"
25.0% - #129,"[4, 1, 0, 0, 1, 0, 3, 0, 0, 2, 2, 1]"
25.0% - #130,"[2, 0, 0, 1, 2, 3, 1, 2, 1, 0, 2, 0]"
25.0% - #131,"[0, 0, 0, 7, 0, 2, 0, 2, 1, 0, 0, 2]"
25.0% - #132,"[1, 0, 1, 0, 1, 0, 4, 1, 1, 0, 2, 3]"
25.0% - #133,"[1, 3, 0, 0, 1, 0, 3, 0, 2, 2, 0, 2]"
25.0% - #134,"[1, 0, 0, 2, 2, 0, 0, 4, 2, 0, 1, 2]"
25.0% - #135,"[0, 0, 0, 0, 2, 5, 0, 1, 1, 1, 0, 4]"
25.0% - #136,"[0, 2, 0, 0, 1, 0, 4, 1, 2, 1, 3, 0]"
25.0% - #137,"[0, 0, 2, 0, 1, 1, 1, 0, 2, 1, 2, 4]"
25.0% - #138,"[0, 0, 0, 2, 1, 1, 4, 0, 4, 0, 1, 1]"
25.0% - #139,"[4, 1, 0, 1, 1, 0, 1, 1, 2, 0, 1, 2]"
25.0% - #140,"[2, 3, 0, 2, 0, 1, 3, 0, 2, 0, 0, 1]"
25.0% - #141,"[0, 0, 1, 4, 1, 2, 0, 0, 3, 2, 0, 1]"
25.0% - #142,"[1, 0, 1, 4, 0, 0, 2, 1, 2, 0, 0, 3]"
25.0% - #143,"[1, 1, 0, 2, 1, 1, 3, 0, 0, 2, 0, 3]"
25.0% - #144,"[3, 1, 2, 0, 1, 0, 1, 0, 0, 3, 1, 2]"
25.0% - #145,"[2, 0, 1, 3, 0, 1, 1, 1, 0, 0, 2, 3]"
25.0% - #146,"[1, 1, 0, 2, 1, 0, 0, 0, 5, 1, 0, 3]"
25.0% - #147,"[0, 0, 1, 2, 0, 0, 4, 4, 0, 1, 1, 1]"
25.0% - #148,"[1, 1, 1, 2, 2, 1, 0, 2, 2, 2, 0, 0]"
25.0% - #149,"[0, 0, 0, 0, 0, 5, 1, 4, 1, 2, 1, 0]"
25.0% - #150,"[0, 0, 2, 2, 0, 3, 3, 0, 2, 1, 1, 0]"
25.0% - #151,"[4, 0, 1, 1, 0, 0, 4, 0, 1, 2, 0, 1]"
25.0% - #152,"[2, 0, 0, 0, 0, 2, 0, 7, 0, 0, 0, 3]"
25.0% - #153,"[3, 0, 0, 0, 1, 0, 2, 4, 3, 1, 0, 0]"
25.0% - #154,"[0, 2, 0, 5, 0, 1, 4, 1, 0, 0, 1, 0]"
25.0% - #155,"[1, 0, 0, 4, 0, 4, 1, 2, 0, 2, 0, 0]"
25.0% - #156,"[0, 0, 0, 3, 0, 0, 2, 0, 2, 3, 3, 1]"
25.0% - #157,"[0, 2, 2, 1, 0, 3, 3, 0, 0, 2, 0, 1]"
25.0% - #158,"[0, 1, 2, 2, 1, 1, 1, 0, 1, 4, 0, 1]"
25.0% - #159,"[3, 0, 0, 0, 0, 6, 1, 2, 0, 0, 1, 1]"
25.0% - #160,"[2, 0, 0, 4, 2, 0, 4, 0, 0, 1, 0, 1]"
25.0% - #161,"[1, 0, 0, 1, 1, 0, 2, 3, 4, 0, 1, 1]"
25.0% - #162,"[2, 3, 1, 0, 0, 0, 1, 2, 1, 1, 3, 0]"
25.0% - #163,"[0, 0, 0, 4, 0, 1, 1, 3, 0, 2, 2, 1]"
25.0% - #164,"[0, 0, 2, 4, 0, 3, 0, 2, 1, 1, 0, 1]"
25.0% - #165,"[0, 0, 0, 5, 2, 0, 3, 1, 0, 1, 1, 1]"
25.0% - #166,"[1, 1, 0, 2, 0, 1, 3, 1, 0, 4, 0, 1]"
25.0% - #167,"[1, 3, 2, 1, 1, 1, 0, 0, 3, 0, 0, 2]"
25.0% - #168,"[0, 2, 1, 1, 1, 3, 0, 3, 0, 1, 2, 0]"
25.0% - #169,"[0, 2, 1, 0, 2, 4, 0, 0, 0, 1, 0, 4]"
25.0% - #170,"[2, 0, 0, 1, 1, 1, 0, 0, 5, 4, 0, 0]"
25.0% - #171,"[4, 0, 1, 3, 1, 0, 2, 0, 0, 0, 1, 2]"
25.0% - #172,"[1, 1, 0, 3, 0, 2, 0, 0, 3, 1, 3, 0]"
25.0% - #173,"[3, 2, 2, 1, 0, 3, 1, 0, 1, 0, 0, 1]"
25.0% - #174,"[0, 2, 0, 0, 0, 1, 3, 2, 3, 1, 1, 1]"
25.0% - #175,"[1, 1, 0, 0, 0, 5, 1, 2, 2, 1, 0, 1]"
25.0% - #176,"[0, 2, 1, 3, 2, 1, 2, 1, 1, 1, 0, 0]"
25.0% - #177,"[0, 2, 0, 2, 1, 1, 4, 0, 1, 0, 2, 1]"
25.0% - #178,"[0, 2, 1, 1, 0, 1, 2, 0, 3, 0, 1, 3]"
25.0% - #179,"[3, 2, 1, 0, 2, 1, 2, 0, 0, 1, 0, 2]"
25.0% - #180,"[2, 1, 0, 3, 0, 1, 0, 2, 3, 0, 2, 0]"
25.0% - #181,"[2, 0, 0, 5, 0, 1, 0, 1, 4, 1, 0, 0]"
25.0% - #182,"[1, 0, 0, 2, 0, 1, 0, 0, 4, 1, 1, 4]"
25.0% - #183,"[2, 0, 0, 0, 0, 3, 1, 3, 2, 0, 0, 3]"
25.0% - #184,"[0, 2, 0, 0, 2, 1, 0, 0, 3, 1, 1, 4]"
25.0% - #185,"[0, 2, 2, 0, 2, 0, 3, 0, 3, 0, 0, 2]"
25.0% - #186,"[4, 0, 2, 2, 2, 1, 0, 0, 2, 0, 1, 0]"
25.0% - #187,"[1, 0, 0, 0, 1, 3, 1, 0, 4, 3, 1, 0]"
25.0% - #188,"[1, 0, 0, 2, 0, 1, 0, 4, 0, 2, 1, 3]"
25.0% - #189,"[3, 0, 1, 3, 0, 1, 3, 0, 0, 0, 1, 2]"
25.0% - #190,"[2, 0, 0, 3, 2, 0, 1, 1, 0, 2, 2, 1]"
25.0% - #191,"[1, 0, 0, 1, 0, 5, 2, 1, 1, 2, 1, 0]"
25.0% - #192,"[0, 1, 1, 1, 0, 1, 4, 1, 0, 3, 0, 2]"
25.0% - #193,"[1, 2, 1, 0, 1, 4, 3, 1, 0, 1, 0, 0]"
25.0% - #194,"[0, 0, 2, 0, 0, 3, 4, 0, 0, 3, 1, 1]"
25.0% - #195,"[1, 1, 0, 3, 2, 2, 1, 1, 1, 0, 1, 1]"
25.0% - #196,"[1, 1, 0, 2, 0, 4, 3, 0, 0, 0, 1, 2]"
25.0% - #197,"[2, 1, 0, 2, 2, 0, 0, 0, 3, 0, 0, 4]"
25.0% - #198,"[3, 2, 0, 0, 2, 3, 0, 2, 0, 1, 1, 0]"
25.0% - #199,"[0, 3, 1, 1, 2, 2, 1, 0, 1, 1, 2, 0]"
25.0% - #200,"[0, 2, 0, 1, 0, 5, 0, 2, 2, 2, 0, 0]"
25.0% - #201,"[0, 1, 1, 0, 1, 3, 0, 0, 5, 1, 2, 0]"
25.0% - #202,"[1, 1, 0, 0, 2, 2, 2, 2, 1, 2, 0, 1]"
25.0% - #203,"[3, 2, 2, 0, 1, 1, 0, 0, 3, 1, 1, 0]"
25.0% - #204,"[0, 2, 2, 0, 2, 2, 2, 0, 2, 1, 0, 1]"
25.0% - #205,"[1, 0, 0, 2, 0, 1, 0, 0, 5, 2, 3, 0]"
25.0% - #206,"[2, 0, 0, 4, 0, 0, 4, 0, 0, 2, 1, 1]"
25.0% - #207,"[0, 1, 0, 3, 0, 0, 1, 2, 0, 4, 0, 3]"
25.0% - #208,"[0, 0, 1, 1, 0, 1, 1, 5, 4, 1, 0, 0]"
25.0% - #209,"[1, 0, 1, 0, 0, 0, 3, 0, 2, 4, 2, 1]"
25.0% - #210,"[1, 3, 2, 0, 1, 0, 0, 0, 2, 0, 1, 4]"
25.0% - #211,"[0, 1, 1, 0, 2, 4, 0, 1, 2, 2, 1, 0]"
25.0% - #212,"[0, 0, 0, 5, 0, 0, 1, 0, 4, 0, 3, 1]"
25.0% - #213,"[0, 1, 0, 7, 0, 1, 1, 0, 2, 0, 1, 1]"
25.0% - #214,"[3, 2, 0, 0, 0, 0, 1, 0, 5, 2, 1, 0]"
25.0% - #215,"[2, 0, 2, 2, 1, 1, 0, 0, 3, 0, 0, 3]"
25.0% - #216,"[0, 1, 2, 4, 1, 0, 2, 2, 0, 1, 0, 1]"
25.0% - #217,"[0, 1, 0, 0, 0, 1, 4, 0, 3, 2, 3, 0]"
25.0% - #218,"[4, 2, 1, 1, 1, 2, 0, 1, 1, 0, 1, 0]"
25.0% - #219,"[1, 1, 2, 2, 0, 4, 0, 2, 0, 0, 1, 1]"
25.0% - #220,"[0, 2, 0, 1, 0, 2, 0, 0, 4, 2, 3, 0]"
25.0% - #221,"[2, 3, 0, 3, 2, 0, 0, 2, 0, 1, 0, 1]"
25.0% - #222,"[0, 1, 0, 0, 0, 3, 3, 2, 1, 1, 2, 1]"
25.0% - #223,"[1, 0, 1, 7, 0, 0, 1, 0, 0, 0, 2, 2]"
25.0% - #224,"[0, 2, 1, 0, 0, 4, 1, 2, 0, 0, 3, 1]"
25.0% - #225,"[2, 0, 0, 0, 0, 1, 3, 0, 2, 3, 1, 2]"
25.0% - #226,"[0, 1, 1, 2, 1, 3, 0, 1, 4, 0, 1, 0]"
25.0% - #227,"[0, 0, 0, 4, 2, 2, 1, 0, 0, 2, 0, 3]"
25.0% - #228,"[2, 0, 1, 1, 0, 1, 2, 4, 0, 0, 1, 2]"
25.0% - #229,"[1, 1, 2, 2, 0, 3, 0, 1, 2, 2, 0, 0]"
25.0% - #230,"[4, 1, 0, 4, 1, 2, 0, 0, 1, 0, 1, 0]"
25.0% - #231,"[0, 1, 0, 0, 0, 2, 4, 2, 3, 0, 0, 2]"
25.0% - #232,"[0, 0, 1, 4, 1, 2, 3, 2, 0, 1, 0, 0]"
25.0% - #233,"[1, 1, 1, 0, 1, 4, 0, 0, 2, 0, 3, 1]"
25.0% - #234,"[2, 1, 0, 3, 1, 0, 4, 0, 1, 1, 1, 0]"
25.0% - #235,"[3, 0, 0, 1, 1, 1, 1, 2, 2, 0, 0, 3]"
25.0% - #236,"[1, 0, 0, 1, 1, 3, 0, 3, 0, 2, 1, 2]"
25.0% - #237,"[1, 2, 1, 1, 2, 3, 2, 0, 0, 1, 1, 0]"
25.0% - #238,"[0, 2, 0, 1, 2, 1, 0, 4, 0, 1, 3, 0]"
25.0% - #239,"[1, 1, 2, 1, 1, 0, 1, 3, 0, 1, 2, 1]"
25.0% - #240,"[0, 2, 0, 0, 1, 1, 0, 3, 0, 2, 3, 2]"
25.0% - #241,"[1, 0, 0, 5, 2, 0, 0, 0, 2, 0, 2, 2]"
25.0% - #242,"[0, 0, 1, 0, 0, 0, 4, 1, 3, 1, 3, 1]"
25.0% - #243,"[0, 1, 1, 3, 0, 2, 1, 0, 0, 2, 3, 1]"
25.0% - #244,"[2, 1, 1, 0, 0, 1, 0, 4, 2, 2, 1, 0]"
25.0% - #245,"[3, 3, 0, 0, 0, 4, 1, 0, 0, 1, 1, 1]"
25.0% - #246,"[0, 2, 0, 1, 1, 2, 4, 0, 1, 3, 0, 0]"
25.0% - #247,"[1, 0, 2, 1, 1, 6, 0, 0, 1, 2, 0, 0]"
25.0% - #248,"[2, 0, 0, 1, 1, 3, 1, 0, 0, 2, 2, 2]"
25.0% - #249,"[0, 1, 2, 1, 2, 0, 3, 2, 0, 0, 2, 1]"
25.0% - #250,"[2, 2, 1, 3, 0, 0, 3, 0, 2, 0, 0, 1]"
25.0% - #251,"[0, 1, 1, 1, 1, 3, 1, 2, 0, 1, 2, 1]"
25.0% - #252,"[0, 2, 1, 3, 2, 0, 0, 0, 0, 3, 2, 1]"
25.0% - #253,"[1, 3, 1, 0, 1, 1, 3, 0, 1, 2, 1, 0]"
25.0% - #254,"[1, 2, 2, 1, 0, 0, 3, 0, 1, 3, 0, 1]"
25.0% - #255,"[0, 3, 1, 2, 0, 4, 1, 0, 0, 0, 3, 0]"
25.0% - #256,"[0, 0, 0, 1, 0, 5, 3, 1, 3, 0, 1, 0]"
25.0% - #257,"[0, 3, 2, 0, 1, 2, 1, 0, 1, 1, 0, 3]"
25.0% - #258,"[1, 1, 1, 4, 0, 0, 0, 1, 0, 0, 3, 3]"
25.0% - #259,"[2, 0, 1, 1, 0, 2, 0, 2, 2, 1, 3, 0]"
25.0% - #260,"[3, 0, 1, 1, 0, 3, 0, 1, 0, 4, 1, 0]"
25.0% - #261,"[1, 1, 0, 0, 1, 2, 3, 2, 3, 1, 0, 0]"
25.0% - #262,"[0, 3, 1, 0, 0, 5, 0, 0, 0, 0, 1, 4]"
25.0% - #263,"[0, 1, 0, 2, 1, 3, 3, 1, 1, 1, 1, 0]"
25.0% - #264,"[0, 1, 2, 1, 1, 2, 2, 0, 1, 0, 3, 1]"
25.0% - #265,"[4, 0, 2, 2, 0, 0, 0, 1, 2, 2, 1, 0]"
25.0% - #266,"[1, 1, 2, 3, 0, 0, 1, 1, 3, 1, 1, 0]"
25.0% - #267,"[2, 0, 0, 1, 0, 1, 2, 2, 5, 0, 1, 0]"
25.0% - #268,"[1, 0, 2, 4, 0, 0, 0, 3, 1, 0, 2, 1]"
25.0% - #269,"[0, 1, 1, 0, 2, 1, 0, 5, 3, 0, 0, 1]"
25.0% - #270,"[2, 0, 2, 0, 0, 1, 2, 2, 1, 0, 2, 2]"
25.0% - #271,"[2, 1, 0, 0, 2, 1, 1, 0, 1, 4, 1, 1]"
25.0% - #272,"[0, 2, 0, 0, 1, 0, 0, 7, 1, 0, 3, 0]"
25.0% - #273,"[0, 0, 2, 7, 0, 0, 1, 1, 0, 0, 2, 1]"
25.0% - #274,"[0, 0, 2, 1, 0, 0, 4, 1, 2, 4, 0, 0]"
25.0% - #275,"[1, 0, 0, 1, 0, 0, 1, 1, 5, 0, 1, 4]"
25.0% - #276,"[2, 0, 0, 4, 1, 3, 2, 0, 2, 0, 0, 0]"
25.0% - #277,"[4, 1, 1, 1, 0, 0, 2, 0, 2, 2, 1, 0]"
25.0% - #278,"[2, 0, 0, 1, 2, 5, 0, 0, 1, 1, 2, 0]"
25.0% - #279,"[0, 2, 0, 4, 2, 1, 1, 1, 0, 2, 1, 0]"
25.0% - #280,"[2, 2, 0, 0, 1, 0, 2, 5, 0, 0, 2, 0]"
25.0% - #281,"[2, 1, 2, 1, 0, 0, 1, 0, 5, 0, 0, 2]"
25.0% - #282,"[2, 0, 0, 2, 0, 0, 1, 3, 6, 0, 0, 0]"
25.0% - #283,"[0, 1, 1, 0, 1, 2, 1, 2, 4, 1, 0, 1]"
25.0% - #284,"[2, 1, 1, 0, 2, 3, 0, 3, 0, 0, 2, 0]"
25.0% - #285,"[1, 2, 2, 2, 1, 1, 3, 0, 0, 1, 0, 1]"
25.0% - #286,"[0, 0, 1, 0, 2, 2, 1, 2, 0, 2, 1, 3]"
25.0% - #287,"[2, 0, 0, 0, 1, 1, 3, 5, 0, 1, 0, 1]"
25.0% - #288,"[1, 1, 0, 3, 1, 1, 3, 0, 0, 3, 0, 1]"
25.0% - #289,"[0, 2, 0, 0, 2, 0, 4, 1, 0, 2, 1, 2]"
25.0% - #290,"[0, 0, 0, 0, 0, 6, 3, 1, 1, 3, 0, 0]"
25.0% - #291,"[4, 0, 1, 0, 2, 0, 3, 1, 3, 0, 0, 0]"
25.0% - #292,"[0, 0, 2, 3, 1, 1, 0, 1, 1, 2, 3, 0]"
25.0% - #293,"[1, 0, 1, 0, 0, 1, 3, 4, 0, 3, 1, 0]"
25.0% - #294,"[3, 2, 0, 1, 0, 4, 1, 0, 0, 3, 0, 0]"
25.0% - #295,"[0, 0, 0, 0, 0, 2, 0, 7, 2, 1, 1, 1]"
25.0% - #296,"[0, 2, 2, 1, 0, 3, 2, 0, 0, 2, 2, 0]"
25.0% - #297,"[1, 0, 1, 2, 0, 1, 3, 3, 0, 2, 1, 0]"
25.0% - #298,"[0, 0, 1, 3, 0, 2, 0, 1, 1, 2, 2, 2]"
25.0% - #299,"[2, 0, 1, 0, 1, 1, 2, 2, 4, 0, 0, 1]"
25.0% - #300,"[4, 0, 1, 0, 1, 0, 0, 3, 0, 4, 1, 0]"
25.0% - #301,"[0, 1, 1, 1, 0, 1, 2, 0, 2, 0, 2, 4]"
25.0% - #302,"[1, 1, 0, 0, 0, 2, 0, 5, 0, 0, 1, 4]"
25.0% - #303,"[1, 3, 2, 1, 2, 0, 1, 3, 0, 0, 0, 1]"
25.0% - #304,"[0, 3, 0, 2, 0, 4, 1, 0, 2, 2, 0, 0]"
25.0% - #305,"[1, 0, 2, 3, 0, 2, 0, 2, 0, 1, 2, 1]"
25.0% - #306,"[3, 1, 0, 2, 2, 0, 0, 1, 2, 3, 0, 0]"
25.0% - #307,"[0, 0, 0, 4, 0, 1, 2, 0, 0, 0, 3, 4]"
25.0% - #308,"[1, 3, 0, 2, 1, 0, 2, 3, 1, 0, 1, 0]"
25.0% - #309,"[2, 3, 1, 0, 0, 1, 1, 3, 0, 2, 1, 0]"
25.0% - #310,"[0, 2, 1, 3, 1, 1, 1, 2, 0, 0, 2, 1]"
25.0% - #311,"[2, 0, 0, 4, 1, 0, 3, 0, 3, 0, 1, 0]"
25.0% - #312,"[4, 1, 1, 0, 2, 0, 2, 0, 4, 0, 0, 0]"
25.0% - #313,"[2, 1, 1, 0, 0, 0, 1, 4, 2, 0, 3, 0]"
25.0% - #314,"[0, 2, 1, 0, 1, 2, 2, 1, 1, 0, 2, 2]"
25.0% - #315,"[0, 0, 0, 6, 0, 1, 3, 0, 0, 4, 0, 0]"
25.0% - #316,"[1, 0, 0, 0, 0, 4, 4, 2, 1, 0, 0, 2]"
25.0% - #317,"[0, 3, 0, 2, 1, 1, 0, 5, 1, 0, 0, 1]"
25.0% - #318,"[2, 2, 2, 0, 2, 0, 2, 2, 0, 0, 0, 2]"
25.0% - #319,"[1, 1, 1, 2, 0, 2, 3, 0, 1, 2, 0, 1]"
25.0% - #320,"[1, 0, 1, 0, 1, 2, 2, 1, 4, 0, 1, 1]"
25.0% - #321,"[1, 0, 1, 1, 0, 3, 1, 3, 1, 0, 3, 0]"
25.0% - #322,"[1, 0, 0, 0, 2, 5, 2, 0, 1, 2, 1, 0]"
25.0% - #323,"[0, 1, 1, 1, 0, 3, 1, 3, 1, 1, 0, 2]"
25.0% - #324,"[1, 1, 0, 2, 2, 0, 2, 0, 4, 1, 1, 0]"
25.0% - #325,"[4, 1, 0, 5, 1, 2, 0, 0, 1, 0, 0, 0]"
25.0% - #326,"[3, 0, 2, 4, 0, 0, 0, 0, 1, 0, 1, 3]"
25.0% - #327,"[1, 0, 1, 1, 0, 0, 3, 3, 0, 2, 1, 2]"
25.0% - #328,"[0, 1, 1, 0, 1, 1, 0, 2, 2, 0, 2, 4]"
25.0% - #329,"[0, 1, 0, 3, 0, 2, 0, 1, 1, 1, 2, 3]"
25.0% - #330,"[0, 1, 2, 1, 0, 2, 0, 3, 2, 2, 0, 1]"
25.0% - #331,"[3, 0, 2, 0, 2, 0, 0, 4, 3, 0, 0, 0]"
25.0% - #332,"[0, 3, 1, 1, 0, 3, 0, 0, 2, 3, 1, 0]"
25.0% - #333,"[0, 2, 2, 1, 0, 2, 2, 1, 4, 0, 0, 0]"
25.0% - #334,"[0, 3, 2, 2, 2, 1, 0, 0, 0, 1, 3, 0]"
25.0% - #335,"[2, 0, 1, 2, 0, 1, 1, 1, 1, 1, 2, 2]"
25.0% - #336,"[0, 0, 2, 1, 2, 1, 1, 2, 0, 3, 2, 0]"
25.0% - #337,"[1, 0, 0, 1, 1, 2, 1, 2, 0, 0, 3, 3]"
25.0% - #338,"[1, 0, 2, 1, 1, 0, 1, 2, 3, 3, 0, 0]"
25.0% - #339,"[2, 0, 0, 3, 1, 0, 3, 0, 0, 0, 2, 3]"
25.0% - #340,"[1, 2, 0, 0, 1, 2, 0, 0, 2, 3, 1, 2]"
25.0% - #341,"[1, 2, 0, 0, 0, 5, 0, 4, 1, 0, 0, 1]"
25.0% - #342,"[0, 1, 0, 0, 0, 0, 2, 4, 3, 0, 0, 4]"
25.0% - #343,"[0, 0, 1, 2, 0, 0, 2, 4, 1, 3, 0, 1]"
25.0% - #344,"[2, 3, 1, 0, 1, 3, 0, 1, 0, 1, 1, 1]"
25.0% - #345,"[0, 0, 2, 1, 0, 4, 0, 2, 2, 1, 2, 0]"
25.0% - #346,"[1, 2, 0, 0, 2, 1, 0, 0, 0, 4, 3, 1]"
25.0% - #347,"[0, 1, 2, 1, 2, 0, 3, 3, 0, 0, 1, 1]"
25.0% - #348,"[2, 1, 0, 1, 1, 3, 0, 0, 1, 3, 0, 2]"
25.0% - #349,"[0, 0, 1, 0, 1, 0, 4, 0, 0, 2, 3, 3]"
25.0% - #350,"[3, 0, 0, 2, 0, 2, 0, 1, 1, 3, 0, 2]"
25.0% - #351,"[1, 1, 1, 0, 1, 2, 1, 3, 2, 0, 0, 2]"
25.0% - #352,"[0, 1, 2, 1, 2, 1, 1, 0, 3, 0, 3, 0]"
25.0% - #353,"[0, 1, 2, 0, 2, 0, 1, 5, 1, 1, 1, 0]"
25.0% - #354,"[3, 1, 2, 0, 0, 0, 2, 0, 4, 0, 0, 2]"
25.0% - #355,"[1, 1, 2, 0, 0, 3, 3, 1, 1, 1, 0, 1]"
25.0% - #356,"[4, 0, 2, 0, 2, 5, 0, 1, 0, 0, 0, 0]"
25.0% - #357,"[0, 1, 1, 1, 1, 3, 2, 2, 2, 0, 0, 1]"
25.0% - #358,"[1, 3, 1, 3, 1, 0, 0, 1, 3, 1, 0, 0]"
25.0% - #359,"[0, 2, 0, 2, 0, 2, 1, 1, 2, 1, 3, 0]"
25.0% - #360,"[0, 0, 1, 1, 0, 1, 1, 0, 2, 1, 3, 4]"
25.0% - #361,"[3, 0, 0, 1, 2, 1, 3, 2, 2, 0, 0, 0]"
25.0% - #362,"[0, 2, 2, 0, 0, 4, 1, 2, 1, 1, 0, 1]"
25.0% - #363,"[4, 1, 2, 2, 0, 0, 0, 1, 0, 0, 0, 4]"
25.0% - #364,"[2, 1, 2, 3, 0, 2, 0, 0, 2, 0, 1, 1]"
25.0% - #365,"[2, 1, 0, 0, 0, 0, 1, 0, 6, 1, 0, 3]"
25.0% - #366,"[0, 1, 1, 1, 0, 1, 3, 3, 2, 0, 1, 1]"
25.0% - #367,"[1, 1, 0, 4, 0, 0, 1, 4, 2, 1, 0, 0]"
25.0% - #368,"[0, 2, 2, 0, 2, 0, 3, 0, 0, 2, 2, 1]"
25.0% - #369,"[3, 2, 0, 4, 2, 0, 0, 1, 0, 0, 0, 2]"
25.0% - #370,"[0, 1, 0, 3, 1, 1, 1, 0, 5, 0, 0, 2]"
25.0% - #371,"[1, 1, 0, 1, 0, 0, 0, 0, 6, 4, 1, 0]"
25.0% - #372,"[0, 0, 2, 0, 2, 2, 2, 3, 1, 1, 0, 1]"
25.0% - #373,"[1, 0, 2, 1, 1, 3, 1, 0, 0, 0, 1, 4]"
25.0% - #374,"[0, 3, 0, 2, 0, 4, 0, 2, 3, 0, 0, 0]"
25.0% - #375,"[0, 0, 1, 1, 2, 2, 1, 3, 2, 2, 0, 0]"
25.0% - #376,"[3, 0, 0, 0, 2, 2, 0, 0, 5, 1, 0, 1]"
25.0% - #377,"[1, 2, 0, 0, 1, 2, 3, 0, 1, 0, 2, 2]"
25.0% - #378,"[2, 1, 1, 1, 2, 2, 0, 0, 0, 4, 1, 0]"
25.0% - #379,"[0, 3, 0, 1, 2, 0, 0, 0, 1, 3, 2, 2]"
25.0% - #380,"[3, 0, 0, 3, 1, 0, 3, 1, 0, 0, 2, 1]"
25.0% - #381,"[0, 3, 2, 0, 2, 4, 0, 1, 1, 0, 1, 0]"
25.0% - #382,"[0, 0, 1, 1, 2, 0, 0, 3, 2, 3, 2, 0]"
25.0% - #383,"[2, 0, 1, 0, 0, 2, 2, 4, 1, 0, 2, 0]"
25.0% - #384,"[0, 2, 2, 0, 0, 4, 0, 1, 1, 2, 1, 1]"
25.0% - #385,"[1, 1, 0, 1, 2, 4, 0, 0, 1, 1, 1, 2]"
25.0% - #386,"[2, 1, 0, 3, 2, 0, 0, 1, 1, 1, 3, 0]"
25.0% - #387,"[0, 1, 1, 2, 0, 3, 3, 0, 4, 0, 0, 0]"
25.0% - #388,"[1, 1, 1, 3, 0, 2, 0, 2, 0, 2, 0, 2]"
25.0% - #389,"[2, 0, 2, 0, 2, 0, 1, 4, 0, 0, 3, 0]"
25.0% - #390,"[0, 0, 1, 0, 1, 2, 1, 1, 1, 3, 1, 3]"
25.0% - #391,"[0, 0, 1, 0, 1, 2, 3, 5, 0, 0, 2, 0]"
25.0% - #392,"[1, 3, 0, 5, 0, 1, 0, 1, 2, 1, 0, 0]"
25.0% - #393,"[1, 1, 2, 4, 0, 0, 3, 0, 0, 0, 2, 1]"
25.0% - #394,"[2, 2, 0, 2, 0, 3, 0, 0, 0, 2, 1, 2]"
25.0% - #395,"[0, 3, 1, 1, 1, 0, 0, 2, 0, 0, 3, 3]"
25.0% - #396,"[0, 3, 1, 3, 1, 0, 2, 0, 0, 1, 0, 3]"
25.0% - #397,"[0, 3, 0, 0, 0, 1, 3, 1, 1, 0, 1, 4]"
25.0% - #398,"[1, 1, 2, 0, 0, 0, 0, 2, 4, 1, 0, 3]"
25.0% - #399,"[0, 0, 0, 2, 0, 3, 0, 0, 5, 1, 0, 3]"
25.0% - #400,"[0, 0, 0, 1, 1, 0, 0, 2, 4, 1, 3, 2]"
25.0% - #401,"[1, 2, 0, 3, 0, 0, 0, 2, 4, 1, 0, 1]"
25.0% - #402,"[2, 1, 2, 1, 0, 2, 3, 0, 2, 1, 0, 0]"
25.0% - #403,"[2, 0, 2, 2, 1, 0, 1, 0, 2, 2, 1, 1]"
25.0% - #404,"[0, 3, 0, 3, 1, 0, 3, 2, 0, 1, 0, 1]"
25.0% - #405,"[1, 2, 0, 2, 2, 1, 1, 2, 0, 0, 0, 3]"
25.0% - #406,"[1, 1, 0, 3, 0, 1, 4, 2, 0, 0, 1, 1]"
25.0% - #407,"[4, 2, 0, 0, 0, 0, 1, 3, 0, 1, 2, 1]"
25.0% - #408,"[1, 3, 1, 2, 1, 0, 0, 0, 1, 0, 1, 4]"
25.0% - #409,"[3, 1, 1, 1, 0, 1, 1, 0, 3, 0, 0, 3]"
25.0% - #410,"[0, 1, 2, 0, 0, 0, 0, 2, 4, 1, 0, 4]"
25.0% - #411,"[0, 3, 2, 2, 0, 0, 3, 0, 1, 1, 1, 1]"
25.0% - #412,"[2, 0, 0, 4, 0, 0, 0, 3, 0, 2, 0, 3]"
25.0% - #413,"[1, 0, 2, 4, 0, 0, 2, 0, 1, 3, 0, 1]"
25.0% - #414,"[0, 0, 1, 0, 2, 4, 1, 3, 1, 1, 0, 1]"
25.0% - #415,"[1, 0, 2, 0, 1, 6, 0, 0, 0, 2, 1, 1]"
25.0% - #416,"[0, 0, 1, 1, 0, 4, 3, 0, 0, 0, 3, 2]"
25.0% - #417,"[1, 2, 1, 3, 2, 0, 1, 0, 2, 0, 2, 0]"
25.0% - #418,"[0, 1, 2, 1, 0, 0, 0, 2, 3, 2, 0, 3]"
25.0% - #419,"[1, 0, 2, 0, 0, 4, 0, 1, 0, 2, 0, 4]"
25.0% - #420,"[0, 1, 0, 0, 1, 1, 0, 1, 4, 2, 2, 2]"
25.0% - #421,"[1, 0, 0, 0, 0, 0, 4, 5, 0, 1, 2, 1]"
25.0% - #422,"[0, 1, 0, 0, 2, 0, 1, 0, 3, 3, 2, 2]"
25.0% - #423,"[2, 0, 1, 3, 1, 0, 0, 3, 3, 0, 1, 0]"
25.0% - #424,"[1, 0, 0, 2, 1, 1, 3, 2, 2, 2, 0, 0]"
25.0% - #425,"[1, 0, 0, 2, 0, 1, 2, 0, 3, 3, 1, 1]"
25.0% - #426,"[3, 0, 2, 1, 0, 1, 3, 3, 0, 0, 1, 0]"
25.0% - #427,"[2, 2, 0, 1, 1, 1, 1, 0, 2, 0, 0, 4]"
25.0% - #428,"[1, 0, 1, 0, 0, 0, 1, 1, 1, 3, 2, 4]"
25.0% - #429,"[1, 1, 1, 3, 1, 1, 0, 2, 1, 0, 2, 1]"
25.0% - #430,"[1, 0, 0, 4, 0, 1, 0, 2, 4, 2, 0, 0]"
25.0% - #431,"[1, 1, 0, 3, 2, 3, 0, 1, 0, 1, 0, 2]"
25.0% - #432,"[0, 1, 2, 0, 1, 0, 1, 5, 1, 1, 1, 1]"
25.0% - #433,"[0, 3, 0, 4, 1, 0, 0, 0, 1, 0, 3, 2]"
25.0% - #434,"[1, 2, 2, 1, 1, 1, 1, 2, 1, 0, 2, 0]"
25.0% - #435,"[0, 1, 1, 0, 2, 0, 0, 4, 1, 3, 1, 1]"
25.0% - #436,"[3, 1, 0, 2, 0, 3, 0, 0, 1, 2, 0, 2]"
25.0% - #437,"[0, 2, 1, 3, 0, 1, 3, 0, 1, 1, 1, 1]"
25.0% - #438,"[0, 1, 0, 1, 1, 2, 0, 2, 1, 3, 2, 1]"
25.0% - #439,"[1, 1, 0, 1, 0, 4, 1, 0, 2, 1, 1, 2]"
25.0% - #440,"[1, 1, 1, 1, 0, 2, 0, 0, 4, 1, 1, 2]"
25.0% - #441,"[0, 0, 0, 2, 1, 0, 0, 9, 0, 1, 0, 1]"
25.0% - #442,"[0, 0, 1, 1, 1, 4, 0, 0, 4, 3, 0, 0]"
25.0% - #443,"[1, 3, 0, 5, 1, 1, 1, 1, 1, 0, 0, 0]"
25.0% - #444,"[0, 2, 0, 0, 1, 3, 2, 0, 0, 3, 0, 3]"
25.0% - #445,"[3, 2, 1, 5, 0, 1, 0, 0, 0, 1, 1, 0]"
25.0% - #446,"[2, 2, 0, 0, 1, 1, 3, 3, 1, 0, 1, 0]"
25.0% - #447,"[0, 3, 1, 3, 0, 1, 0, 1, 0, 4, 0, 1]"
25.0% - #448,"[3, 2, 2, 2, 0, 2, 0, 1, 2, 0, 0, 0]"
25.0% - #449,"[0, 2, 0, 2, 0, 2, 4, 2, 0, 1, 0, 1]"
25.0% - #450,"[1, 2, 1, 2, 1, 0, 0, 2, 0, 4, 0, 1]"
25.0% - #451,"[3, 1, 2, 1, 1, 0, 0, 0, 0, 1, 3, 2]"
25.0% - #452,"[1, 1, 0, 0, 2, 0, 2, 3, 0, 2, 2, 1]"
25.0% - #453,"[2, 0, 1, 1, 1, 5, 0, 1, 1, 0, 0, 2]"
25.0% - #454,"[4, 0, 1, 0, 1, 2, 0, 0, 1, 3, 0, 2]"
25.0% - #455,"[0, 1, 0, 2, 2, 3, 2, 0, 0, 0, 2, 2]"
25.0% - #456,"[2, 1, 0, 0, 1, 0, 3, 3, 1, 1, 1, 1]"
25.0% - #457,"[2, 0, 2, 0, 1, 2, 2, 2, 0, 0, 1, 2]"
25.0% - #458,"[1, 0, 1, 0, 0, 6, 1, 0, 1, 1, 3, 0]"
25.0% - #459,"[0, 0, 1, 1, 0, 0, 1, 1, 6, 3, 1, 0]"
25.0% - #460,"[0, 0, 0, 4, 0, 3, 3, 0, 2, 0, 2, 0]"
25.0% - #461,"[3, 0, 2, 1, 2, 0, 2, 1, 0, 0, 1, 2]"
25.0% - #462,"[0, 3, 0, 1, 1, 2, 4, 2, 1, 0, 0, 0]"
25.0% - #463,"[3, 1, 0, 1, 0, 4, 1, 1, 2, 0, 0, 1]"
25.0% - #464,"[0, 2, 0, 4, 0, 1, 0, 2, 3, 1, 0, 1]"
25.0% - #465,"[1, 1, 2, 1, 0, 2, 2, 0, 0, 2, 2, 1]"
25.0% - #466,"[3, 0, 1, 0, 0, 5, 1, 2, 0, 1, 0, 1]"
25.0% - #467,"[2, 0, 2, 1, 0, 2, 1, 1, 0, 1, 3, 1]"
25.0% - #468,"[1, 2, 0, 1, 0, 0, 3, 0, 2, 1, 2, 2]"
25.0% - #469,"[0, 2, 1, 2, 0, 1, 1, 1, 2, 0, 1, 3]"
25.0% - #470,"[0, 0, 2, 1, 1, 1, 0, 2, 5, 0, 2, 0]"
25.0% - #471,"[4, 1, 0, 0, 0, 0, 2, 1, 1, 1, 0, 4]"
25.0% - #472,"[3, 1, 0, 2, 0, 3, 1, 0, 0, 0, 3, 1]"
25.0% - #473,"[0, 0, 1, 4, 0, 2, 3, 0, 0, 3, 1, 0]"
25.0% - #474,"[0, 3, 2, 3, 0, 0, 1, 2, 2, 1, 0, 0]"
25.0% - #475,"[0, 2, 1, 0, 2, 0, 0, 1, 2, 3, 1, 2]"
25.0% - #476,"[1, 1, 1, 2, 2, 0, 4, 0, 2, 0, 1, 0]"
25.0% - #477,"[1, 3, 0, 1, 0, 4, 2, 0, 0, 0, 2, 1]"
25.0% - #478,"[2, 0, 0, 3, 0, 0, 1, 0, 1, 4, 1, 2]"
25.0% - #479,"[2, 0, 0, 1, 2, 2, 3, 0, 0, 0, 3, 1]"
25.0% - #480,"[4, 1, 1, 2, 0, 0, 2, 1, 2, 0, 1, 0]"
25.0% - #481,"[4, 3, 1, 0, 1, 0, 0, 1, 2, 0, 1, 1]"
25.0% - #482,"[0, 0, 2, 0, 2, 2, 2, 0, 0, 0, 2, 4]"
25.0% - #483,"[2, 2, 0, 4, 0, 0, 1, 1, 1, 0, 0, 3]"
25.0% - #484,"[0, 1, 1, 1, 1, 1, 1, 5, 0, 0, 3, 0]"
25.0% - #485,"[2, 1, 2, 0, 1, 1, 0, 1, 1, 4, 0, 1]"
25.0% - #486,"[4, 2, 0, 0, 1, 1, 0, 3, 3, 0, 0, 0]"
25.0% - #487,"[1, 1, 1, 0, 1, 0, 1, 3, 3, 1, 0, 2]"
25.0% - #488,"[1, 0, 2, 2, 1, 2, 0, 3, 1, 1, 1, 0]"
25.0% - #489,"[1, 0, 2, 0, 0, 3, 0, 7, 0, 1, 0, 0]"
25.0% - #490,"[1, 3, 1, 0, 1, 0, 2, 1, 1, 4, 0, 0]"
25.0% - #491,"[1, 1, 1, 4, 2, 0, 1, 1, 0, 3, 0, 0]"
25.0% - #492,"[3, 3, 0, 1, 0, 1, 0, 0, 0, 1, 1, 4]"
25.0% - #493,"[2, 3, 0, 0, 0, 0, 2, 4, 1, 0, 2, 0]"
25.0% - #494,"[0, 1, 1, 4, 2, 2, 0, 0, 1, 0, 3, 0]"
25.0% - #495,"[2, 0, 1, 1, 1, 1, 0, 1, 1, 4, 2, 0]"
25.0% - #496,"[3, 1, 0, 6, 0, 0, 1, 0, 0, 2, 1, 0]"
25.0% - #497,"[0, 0, 1, 3, 0, 1, 3, 0, 0, 2, 2, 2]"
25.0% - #498,"[2, 0, 0, 1, 0, 1, 2, 2, 0, 1, 3, 2]"
25.0% - #499,"[2, 0, 2, 2, 1, 1, 2, 3, 0, 0, 1, 0]"
25.0% - #500,"[2, 0, 0, 0, 2, 1, 1, 5, 3, 0, 0, 0]"
25.0% - #501,"[3, 2, 0, 0, 0, 1, 1, 1, 0, 3, 3, 0]"
25.0% - #502,"[3, 0, 2, 3, 1, 0, 1, 2, 0, 2, 0, 0]"
25.0% - #503,"[3, 1, 1, 2, 1, 1, 1, 3, 0, 1, 0, 0]"
25.0% - #504,"[3, 1, 0, 1, 2, 0, 0, 3, 0, 3, 1, 0]"
25.0% - #505,"[1, 0, 0, 4, 1, 1, 2, 0, 2, 1, 2, 0]"
25.0% - #506,"[0, 0, 1, 0, 0, 0, 1, 5, 2, 4, 1, 0]"
25.0% - #507,"[1, 2, 2, 1, 1, 0, 1, 1, 0, 1, 2, 2]"
25.0% - #508,"[2, 0, 2, 0, 2, 3, 0, 1, 3, 1, 0, 0]"
25.0% - #509,"[2, 0, 2, 1, 0, 1, 2, 1, 2, 3, 0, 0]"
25.0% - #510,"[0, 2, 0, 1, 0, 4, 3, 2, 1, 1, 0, 0]"
25.0% - #511,"[0, 0, 0, 1, 1, 1, 1, 0, 2, 2, 2, 4]"
25.0% - #512,"[3, 1, 1, 3, 0, 2, 0, 0, 1, 2, 0, 1]"
25.0% - #513,"[0, 3, 0, 3, 2, 0, 1, 4, 0, 0, 1, 0]"
25.0% - #514,"[2, 0, 0, 2, 0, 1, 1, 1, 3, 0, 0, 4]"
25.0% - #515,"[0, 0, 1, 1, 0, 3, 3, 1, 3, 1, 0, 1]"
25.0% - #516,"[1, 3, 1, 6, 1, 1, 0, 0, 0, 0, 0, 1]"
25.0% - #517,"[0, 2, 1, 0, 0, 3, 1, 0, 1, 0, 3, 3]"
25.0% - #518,"[0, 0, 2, 0, 0, 3, 4, 1, 1, 0, 3, 0]"
25.0% - #519,"[2, 0, 1, 2, 0, 3, 2, 1, 0, 1, 1, 1]"
25.0% - #520,"[2, 0, 0, 5, 0, 2, 2, 1, 1, 0, 1, 0]"
25.0% - #521,"[0, 0, 1, 5, 1, 2, 0, 0, 0, 4, 1, 0]"
25.0% - #522,"[4, 2, 1, 0, 0, 0, 3, 0, 0, 0, 3, 1]"
25.0% - #523,"[0, 0, 1, 4, 1, 1, 1, 0, 5, 0, 0, 1]"
25.0% - #524,"[0, 0, 1, 1, 0, 0, 4, 1, 4, 1, 0, 2]"
25.0% - #525,"[0, 1, 1, 0, 1, 3, 2, 4, 0, 0, 2, 0]"
25.0% - #526,"[2, 1, 0, 3, 2, 0, 0, 2, 1, 0, 0, 3]"
25.0% - #527,"[1, 0, 0, 1, 0, 2, 1, 2, 6, 1, 0, 0]"
25.0% - #528,"[3, 3, 0, 1, 0, 2, 3, 0, 1, 0, 0, 1]"
25.0% - #529,"[0, 2, 2, 1, 0, 3, 1, 1, 3, 0, 0, 1]"
25.0% - #530,"[4, 3, 2, 0, 0, 0, 1, 1, 0, 0, 2, 1]"
25.0% - #531,"[4, 3, 1, 0, 0, 3, 0, 2, 0, 0, 1, 0]"
25.0% - #532,"[2, 2, 0, 0, 0, 1, 0, 3, 2, 0, 1, 3]"
25.0% - #533,"[1, 0, 1, 4, 1, 0, 0, 1, 0, 0, 3, 3]"
25.0% - #534,"[2, 2, 0, 4, 0, 1, 0, 2, 1, 1, 1, 0]"
25.0% - #535,"[0, 0, 1, 1, 0, 3, 1, 5, 2, 0, 1, 0]"
25.0% - #536,"[0, 2, 0, 1, 0, 0, 0, 1, 4, 4, 0, 2]"
25.0% - #537,"[3, 3, 1, 3, 0, 0, 1, 0, 3, 0, 0, 0]"
25.0% - #538,"[0, 1, 2, 1, 0, 2, 0, 1, 2, 2, 3, 0]"
25.0% - #539,"[0, 1, 0, 4, 0, 0, 2, 3, 2, 1, 1, 0]"
25.0% - #540,"[1, 3, 1, 0, 0, 0, 0, 5, 0, 0, 2, 2]"
25.0% - #541,"[4, 1, 0, 2, 2, 0, 1, 2, 0, 0, 0, 2]"
25.0% - #542,"[2, 3, 0, 2, 2, 0, 1, 2, 2, 0, 0, 0]"
25.0% - #543,"[3, 1, 0, 0, 0, 2, 1, 1, 5, 0, 1, 0]"
25.0% - #544,"[0, 0, 0, 3, 2, 0, 1, 2, 1, 1, 2, 2]"
25.0% - #545,"[1, 3, 2, 0, 0, 1, 3, 1, 0, 0, 2, 1]"
25.0% - #546,"[0, 2, 2, 5, 0, 0, 0, 0, 3, 1, 0, 1]"
25.0% - #547,"[0, 2, 1, 2, 0, 2, 2, 1, 1, 0, 0, 3]"
25.0% - #548,"[0, 2, 0, 0, 1, 5, 2, 0, 2, 0, 2, 0]"
25.0% - #549,"[0, 0, 1, 3, 0, 1, 0, 2, 0, 0, 3, 4]"
25.0% - #550,"[2, 1, 0, 1, 0, 4, 2, 0, 2, 1, 0, 1]"
25.0% - #551,"[3, 0, 2, 0, 0, 0, 1, 3, 2, 1, 2, 0]"
25.0% - #552,"[0, 0, 1, 2, 1, 2, 4, 0, 0, 0, 0, 4]"
25.0% - #553,"[2, 1, 0, 0, 1, 1, 1, 5, 1, 0, 0, 2]"
25.0% - #554,"[3, 1, 1, 0, 0, 4, 2, 0, 1, 2, 0, 0]"
25.0% - #555,"[1, 0, 1, 0, 0, 1, 2, 6, 1, 0, 0, 2]"
25.0% - #556,"[1, 3, 0, 2, 2, 0, 0, 1, 1, 0, 2, 2]"
25.0% - #557,"[4, 1, 0, 1, 0, 2, 0, 2, 0, 2, 2, 0]"
25.0% - #558,"[0, 1, 2, 6, 0, 0, 0, 3, 0, 0, 2, 0]"
25.0% - #559,"[0, 2, 1, 2, 0, 3, 3, 0, 1, 0, 2, 0]"
25.0% - #560,"[2, 0, 2, 0, 1, 4, 0, 0, 4, 0, 0, 1]"
25.0% - #561,"[1, 2, 2, 1, 0, 3, 3, 0, 0, 2, 0, 0]"
25.0% - #562,"[1, 1, 0, 0, 0, 4, 1, 0, 5, 0, 1, 1]"
25.0% - #563,"[1, 0, 1, 1, 0, 4, 0, 1, 1, 1, 0, 4]"
25.0% - #564,"[0, 0, 0, 2, 1, 0, 2, 2, 3, 2, 0, 2]"
25.0% - #565,"[1, 1, 1, 2, 1, 3, 0, 0, 1, 3, 1, 0]"
25.0% - #566,"[1, 1, 2, 4, 0, 0, 2, 1, 0, 1, 1, 1]"
25.0% - #567,"[2, 1, 0, 1, 1, 1, 1, 3, 3, 0, 0, 1]"
25.0% - #568,"[1, 1, 0, 2, 0, 6, 0, 1, 3, 0, 0, 0]"
25.0% - #569,"[0, 2, 1, 0, 1, 0, 3, 0, 3, 1, 2, 1]"
25.0% - #570,"[0, 1, 0, 0, 1, 1, 1, 1, 3, 2, 2, 2]"
25.0% - #571,"[0, 0, 1, 0, 1, 1, 4, 1, 1, 2, 2, 1]"
25.0% - #572,"[3, 2, 0, 1, 0, 2, 3, 2, 1, 0, 0, 0]"
25.0% - #573,"[4, 0, 2, 0, 2, 0, 0, 2, 0, 1, 0, 3]"
25.0% - #574,"[2, 3, 2, 0, 1, 0, 1, 0, 2, 2, 0, 1]"
25.0% - #575,"[1, 3, 1, 0, 0, 3, 0, 1, 3, 2, 0, 0]"
25.0% - #576,"[0, 2, 0, 0, 1, 1, 2, 0, 2, 0, 3, 3]"
25.0% - #577,"[0, 1, 0, 4, 2, 0, 3, 3, 0, 0, 0, 1]"
25.0% - #578,"[4, 1, 2, 1, 1, 0, 1, 1, 2, 0, 0, 1]"
25.0% - #579,"[0, 0, 1, 0, 0, 2, 3, 1, 1, 1, 2, 3]"
25.0% - #580,"[0, 0, 1, 6, 0, 2, 0, 2, 0, 2, 1, 0]"
25.0% - #581,"[2, 1, 1, 3, 0, 4, 0, 0, 1, 0, 1, 1]"
25.0% - #582,"[0, 3, 2, 3, 0, 1, 0, 3, 0, 0, 2, 0]"
25.0% - #583,"[2, 0, 2, 0, 2, 1, 1, 1, 2, 1, 2, 0]"
25.0% - #584,"[3, 2, 0, 0, 0, 3, 1, 0, 0, 0, 2, 3]"
25.0% - #585,"[1, 0, 0, 2, 0, 0, 0, 5, 1, 1, 0, 4]"
25.0% - #586,"[1, 1, 0, 4, 0, 1, 3, 0, 4, 0, 0, 0]"
25.0% - #587,"[0, 0, 0, 1, 0, 4, 0, 1, 1, 4, 3, 0]"
25.0% - #588,"[2, 0, 1, 2, 2, 0, 1, 2, 2, 1, 1, 0]"
25.0% - #589,"[1, 0, 0, 7, 1, 0, 1, 4, 0, 0, 0, 0]"
25.0% - #590,"[2, 1, 0, 0, 0, 3, 3, 1, 0, 0, 2, 2]"
25.0% - #591,"[2, 0, 0, 0, 0, 4, 2, 2, 0, 2, 1, 1]"
25.0% - #592,"[0, 2, 1, 0, 2, 0, 1, 0, 3, 3, 2, 0]"
25.0% - #593,"[1, 0, 0, 0, 1, 5, 1, 1, 2, 2, 0, 1]"
25.0% - #594,"[0, 3, 1, 7, 2, 0, 0, 0, 0, 0, 1, 0]"
25.0% - #595,"[0, 0, 1, 3, 0, 1, 2, 0, 4, 0, 2, 1]"
25.0% - #596,"[3, 1, 0, 2, 0, 1, 1, 1, 2, 1, 1, 1]"
25.0% - #597,"[2, 3, 0, 0, 0, 1, 2, 3, 0, 0, 3, 0]"
25.0% - #598,"[4, 0, 0, 2, 1, 0, 1, 1, 1, 0, 2, 2]"
25.0% - #599,"[2, 0, 0, 1, 2, 0, 3, 0, 0, 3, 0, 3]"
25.0% - #600,"[3, 0, 0, 2, 1, 0, 2, 0, 0, 3, 1, 2]"
25.0% - #601,"[1, 2, 1, 2, 0, 0, 2, 1, 0, 1, 1, 3]"
25.0% - #602,"[2, 0, 0, 2, 1, 1, 1, 0, 1, 0, 3, 3]"
25.0% - #603,"[1, 0, 0, 6, 0, 0, 1, 3, 0, 1, 0, 2]"
25.0% - #604,"[1, 0, 2, 0, 1, 2, 2, 4, 0, 0, 0, 2]"
25.0% - #605,"[0, 2, 2, 2, 1, 1, 1, 0, 2, 3, 0, 0]"
25.0% - #606,"[0, 0, 1, 6, 1, 0, 1, 1, 0, 0, 0, 4]"
25.0% - #607,"[1, 0, 1, 0, 0, 1, 4, 2, 0, 2, 3, 0]"
25.0% - #608,"[0, 0, 1, 1, 0, 1, 2, 6, 1, 0, 0, 2]"
25.0% - #609,"[1, 1, 2, 1, 0, 3, 0, 3, 2, 1, 0, 0]"
25.0% - #610,"[1, 1, 1, 0, 1, 2, 1, 0, 0, 2, 2, 3]"
25.0% - #611,"[0, 2, 1, 2, 0, 0, 1, 0, 2, 2, 3, 1]"
25.0% - #612,"[0, 3, 1, 3, 1, 3, 1, 0, 0, 0, 0, 2]"
25.0% - #613,"[0, 0, 1, 0, 1, 1, 3, 4, 0, 0, 2, 2]"
25.0% - #614,"[0, 1, 0, 5, 1, 0, 1, 2, 1, 2, 0, 1]"
25.0% - #615,"[0, 1, 1, 0, 2, 1, 1, 1, 5, 0, 0, 2]"
25.0% - #616,"[1, 0, 2, 2, 2, 3, 0, 3, 0, 1, 0, 0]"
25.0% - #617,"[0, 1, 2, 2, 2, 4, 0, 0, 0, 1, 2, 0]"
25.0% - #618,"[3, 0, 2, 2, 0, 1, 1, 1, 0, 0, 3, 1]"
25.0% - #619,"[0, 1, 2, 0, 1, 0, 4, 1, 0, 3, 0, 2]"
25.0% - #620,"[0, 2, 0, 2, 0, 1, 0, 4, 1, 1, 1, 2]"
25.0% - #621,"[0, 2, 0, 3, 1, 3, 1, 1, 1, 1, 1, 0]"
25.0% - #622,"[2, 0, 1, 0, 1, 1, 3, 1, 3, 0, 0, 2]"
25.0% - #623,"[0, 2, 1, 3, 1, 0, 2, 0, 1, 2, 0, 2]"
25.0% - #624,"[2, 0, 1, 3, 2, 1, 1, 0, 1, 0, 3, 0]"
25.0% - #625,"[2, 3, 0, 0, 0, 1, 0, 2, 1, 3, 1, 1]"
25.0% - #626,"[0, 1, 2, 4, 1, 1, 0, 0, 4, 1, 0, 0]"
25.0% - #627,"[3, 3, 0, 3, 0, 0, 0, 1, 1, 0, 3, 0]"
25.0% - #628,"[0, 0, 1, 2, 0, 0, 1, 1, 4, 2, 1, 2]"
25.0% - #629,"[0, 1, 1, 3, 0, 1, 1, 0, 5, 0, 1, 1]"
25.0% - #630,"[1, 0, 2, 1, 0, 1, 4, 0, 0, 4, 1, 0]"
25.0% - #631,"[0, 2, 0, 0, 1, 2, 3, 1, 0, 3, 0, 2]"
25.0% - #632,"[0, 0, 0, 0, 0, 2, 2, 0, 5, 0, 3, 2]"
25.0% - #633,"[3, 3, 0, 0, 2, 0, 0, 4, 0, 0, 1, 1]"
25.0% - #634,"[0, 2, 2, 1, 0, 0, 0, 4, 1, 0, 3, 1]"
25.0% - #635,"[0, 1, 1, 3, 2, 5, 0, 0, 0, 2, 0, 0]"
25.0% - #636,"[1, 1, 0, 1, 1, 1, 2, 0, 2, 1, 1, 3]"
25.0% - #637,"[0, 0, 0, 0, 2, 0, 1, 3, 2, 3, 3, 0]"
25.0% - #638,"[0, 1, 2, 6, 1, 1, 0, 0, 0, 1, 1, 1]"
25.0% - #639,"[2, 2, 0, 5, 1, 1, 0, 0, 2, 1, 0, 0]"
25.0% - #640,"[3, 0, 0, 2, 0, 3, 2, 0, 4, 0, 0, 0]"
25.0% - #641,"[0, 0, 0, 0, 0, 1, 3, 4, 3, 0, 1, 2]"
25.0% - #642,"[1, 2, 0, 1, 2, 1, 3, 3, 1, 0, 0, 0]"
25.0% - #643,"[1, 3, 2, 1, 1, 0, 3, 0, 0, 2, 1, 0]"
25.0% - #644,"[1, 0, 0, 0, 0, 0, 0, 3, 3, 2, 1, 4]"
25.0% - #645,"[2, 1, 2, 0, 2, 0, 0, 3, 0, 3, 0, 1]"
25.0% - #646,"[0, 1, 0, 4, 0, 0, 3, 0, 1, 0, 3, 2]"
25.0% - #647,"[0, 0, 1, 0, 2, 2, 1, 1, 3, 0, 0, 4]"
25.0% - #648,"[0, 0, 2, 0, 1, 3, 0, 0, 5, 1, 2, 0]"
25.0% - #649,"[4, 2, 1, 2, 1, 2, 1, 1, 0, 0, 0, 0]"
25.0% - #650,"[0, 0, 0, 5, 1, 0, 2, 3, 3, 0, 0, 0]"
25.0% - #651,"[0, 1, 1, 1, 2, 1, 2, 4, 0, 0, 0, 2]"
25.0% - #652,"[2, 0, 1, 1, 1, 2, 1, 4, 1, 0, 1, 0]"
25.0% - #653,"[0, 0, 0, 2, 1, 2, 4, 2, 3, 0, 0, 0]"
25.0% - #654,"[0, 0, 0, 1, 1, 0, 4, 3, 2, 1, 2, 0]"
25.0% - #655,"[4, 2, 2, 0, 0, 0, 0, 4, 0, 1, 1, 0]"
25.0% - #656,"[2, 2, 0, 0, 2, 0, 1, 0, 0, 4, 0, 3]"
25.0% - #657,"[0, 0, 2, 0, 0, 0, 0, 7, 0, 4, 1, 0]"
25.0% - #658,"[2, 1, 0, 1, 2, 0, 2, 1, 0, 0, 2, 3]"
25.0% - #659,"[0, 0, 0, 1, 0, 0, 3, 1, 2, 4, 3, 0]"
25.0% - #660,"[4, 0, 0, 1, 0, 4, 0, 3, 0, 2, 0, 0]"
25.0% - #661,"[0, 1, 0, 1, 1, 5, 2, 1, 0, 2, 1, 0]"
25.0% - #662,"[0, 3, 0, 1, 1, 1, 4, 4, 0, 0, 0, 0]"
25.0% - #663,"[0, 3, 0, 3, 0, 2, 0, 0, 4, 0, 2, 0]"
25.0% - #664,"[1, 1, 2, 1, 1, 1, 0, 1, 3, 2, 0, 1]"
25.0% - #665,"[3, 1, 0, 0, 1, 0, 0, 3, 4, 0, 0, 2]"
25.0% - #666,"[0, 1, 1, 1, 0, 0, 1, 1, 5, 2, 1, 1]"
25.0% - #667,"[1, 1, 0, 4, 1, 0, 3, 3, 0, 0, 1, 0]"
25.0% - #668,"[0, 0, 1, 0, 2, 4, 0, 5, 0, 2, 0, 0]"
25.0% - #669,"[1, 1, 1, 0, 1, 1, 1, 0, 3, 2, 0, 3]"
25.0% - #670,"[1, 3, 0, 1, 1, 1, 0, 0, 6, 0, 0, 1]"
25.0% - #671,"[2, 0, 0, 3, 2, 1, 2, 1, 0, 1, 1, 1]"
25.0% - #672,"[0, 1, 1, 3, 0, 0, 3, 1, 0, 0, 2, 3]"
25.0% - #673,"[1, 0, 0, 0, 1, 0, 1, 1, 6, 2, 0, 2]"
25.0% - #674,"[0, 1, 1, 2, 2, 0, 0, 2, 2, 1, 1, 2]"
25.0% - #675,"[0, 3, 2, 1, 0, 0, 1, 1, 2, 2, 2, 0]"
25.0% - #676,"[1, 1, 0, 2, 0, 0, 3, 0, 0, 2, 1, 4]"
25.0% - #677,"[2, 0, 1, 0, 0, 0, 1, 3, 1, 3, 0, 3]"
25.0% - #678,"[3, 2, 0, 3, 1, 0, 0, 0, 0, 1, 2, 2]"
25.0% - #679,"[1, 0, 0, 5, 0, 0, 3, 3, 0, 0, 1, 1]"
25.0% - #680,"[0, 3, 1, 0, 0, 4, 0, 3, 0, 2, 0, 1]"
25.0% - #681,"[0, 1, 0, 0, 1, 0, 3, 0, 2, 2, 1, 4]"
25.0% - #682,"[0, 0, 1, 0, 0, 2, 0, 6, 1, 4, 0, 0]"
25.0% - #683,"[1, 2, 0, 1, 2, 1, 2, 1, 1, 0, 2, 1]"
25.0% - #684,"[1, 1, 0, 1, 1, 0, 1, 7, 1, 1, 0, 0]"
25.0% - #685,"[0, 1, 1, 0, 2, 0, 1, 4, 0, 3, 0, 2]"
25.0% - #686,"[3, 2, 2, 1, 0, 1, 0, 2, 0, 0, 3, 0]"
25.0% - #687,"[2, 0, 0, 0, 1, 0, 0, 9, 2, 0, 0, 0]"
25.0% - #688,"[4, 1, 1, 0, 1, 0, 4, 0, 2, 0, 0, 1]"
25.0% - #689,"[1, 0, 1, 0, 0, 1, 0, 0, 6, 2, 3, 0]"
25.0% - #690,"[0, 3, 2, 1, 0, 0, 1, 0, 2, 4, 1, 0]"
25.0% - #691,"[0, 2, 0, 1, 1, 0, 0, 7, 0, 2, 1, 0]"
25.0% - #692,"[4, 1, 1, 1, 1, 1, 0, 1, 1, 0, 0, 3]"
25.0% - #693,"[1, 2, 1, 1, 0, 0, 3, 1, 3, 0, 2, 0]"
25.0% - #694,"[2, 1, 2, 3, 0, 1, 4, 0, 0, 0, 0, 1]"
25.0% - #695,"[1, 0, 0, 4, 2, 0, 3, 0, 1, 1, 2, 0]"
25.0% - #696,"[1, 1, 1, 4, 1, 2, 0, 1, 0, 2, 0, 1]"
25.0% - #697,"[0, 1, 0, 5, 0, 0, 2, 0, 2, 0, 1, 3]"
25.0% - #698,"[3, 0, 2, 0, 1, 2, 2, 4, 0, 0, 0, 0]"
25.0% - #699,"[2, 1, 1, 0, 1, 3, 1, 2, 0, 0, 1, 2]"
25.0% - #700,"[1, 1, 1, 2, 2, 2, 0, 0, 3, 0, 2, 0]"
25.0% - #701,"[2, 0, 2, 0, 1, 1, 2, 3, 3, 0, 0, 0]"
25.0% - #702,"[1, 0, 2, 1, 0, 5, 0, 2, 0, 3, 0, 0]"
25.0% - #703,"[0, 1, 1, 5, 0, 0, 0, 1, 2, 0, 0, 4]"
25.0% - #704,"[1, 0, 0, 5, 1, 0, 0, 4, 0, 0, 2, 1]"
25.0% - #705,"[1, 1, 0, 1, 1, 4, 0, 2, 0, 0, 3, 1]"
25.0% - #706,"[4, 2, 1, 0, 2, 2, 1, 1, 0, 1, 0, 0]"
25.0% - #707,"[1, 2, 1, 2, 2, 0, 0, 1, 1, 3, 0, 1]"
25.0% - #708,"[0, 3, 0, 5, 2, 0, 0, 0, 2, 1, 0, 1]"
25.0% - #709,"[3, 2, 2, 0, 2, 0, 1, 2, 0, 2, 0, 0]"
25.0% - #710,"[1, 1, 0, 5, 0, 1, 1, 0, 0, 4, 1, 0]"
25.0% - #711,"[0, 3, 1, 0, 0, 0, 2, 1, 1, 1, 3, 2]"
25.0% - #712,"[0, 1, 0, 3, 1, 0, 4, 0, 1, 0, 0, 4]"
25.0% - #713,"[2, 1, 1, 2, 0, 0, 3, 4, 0, 0, 1, 0]"
25.0% - #714,"[0, 1, 0, 2, 0, 4, 0, 1, 4, 0, 0, 2]"
25.0% - #715,"[1, 3, 0, 1, 0, 3, 2, 2, 2, 0, 0, 0]"
25.0% - #716,"[2, 1, 0, 3, 0, 1, 2, 3, 0, 1, 0, 1]"
25.0% - #717,"[3, 2, 0, 3, 2, 0, 0, 2, 0, 0, 1, 1]"
25.0% - #718,"[2, 0, 0, 1, 0, 0, 1, 1, 6, 0, 0, 3]"
25.0% - #719,"[0, 1, 2, 3, 1, 4, 2, 0, 0, 0, 0, 1]"
25.0% - #720,"[0, 0, 0, 0, 0, 0, 4, 0, 5, 0, 2, 3]"
25.0% - #721,"[1, 2, 1, 5, 0, 0, 1, 2, 0, 2, 0, 0]"
25.0% - #722,"[0, 0, 2, 1, 2, 0, 3, 2, 0, 2, 0, 2]"
25.0% - #723,"[1, 1, 2, 5, 1, 0, 1, 0, 1, 1, 0, 1]"
25.0% - #724,"[1, 1, 1, 1, 0, 0, 3, 2, 2, 3, 0, 0]"
25.0% - #725,"[0, 2, 2, 0, 0, 1, 3, 1, 1, 0, 2, 2]"
25.0% - #726,"[1, 1, 1, 1, 1, 5, 1, 2, 1, 0, 0, 0]"
25.0% - #727,"[0, 0, 1, 1, 1, 0, 1, 2, 5, 0, 2, 1]"
25.0% - #728,"[0, 0, 0, 4, 1, 1, 1, 3, 2, 2, 0, 0]"
25.0% - #729,"[4, 1, 0, 2, 1, 2, 0, 0, 2, 0, 2, 0]"
25.0% - #730,"[3, 0, 0, 3, 0, 0, 2, 0, 3, 1, 0, 2]"
25.0% - #731,"[1, 2, 2, 1, 2, 1, 1, 0, 1, 1, 1, 1]"
25.0% - #732,"[1, 1, 1, 1, 1, 5, 1, 1, 0, 0, 1, 1]"
25.0% - #733,"[0, 1, 0, 2, 1, 2, 0, 1, 3, 0, 1, 3]"
25.0% - #734,"[3, 2, 1, 0, 2, 1, 2, 0, 0, 0, 1, 2]"
25.0% - #735,"[0, 0, 1, 3, 0, 1, 1, 1, 3, 0, 3, 1]"
25.0% - #736,"[1, 0, 1, 1, 0, 2, 1, 0, 3, 1, 3, 1]"
25.0% - #737,"[0, 0, 0, 6, 0, 2, 1, 0, 0, 3, 2, 0]"
25.0% - #738,"[3, 1, 2, 0, 0, 0, 0, 2, 0, 3, 2, 1]"
25.0% - #739,"[0, 0, 0, 6, 2, 2, 1, 1, 2, 0, 0, 0]"
25.0% - #740,"[3, 1, 0, 1, 2, 0, 0, 0, 2, 3, 0, 2]"
25.0% - #741,"[0, 0, 0, 1, 0, 0, 1, 2, 6, 2, 1, 1]"
25.0% - #742,"[1, 3, 2, 0, 0, 0, 1, 0, 3, 0, 0, 4]"
25.0% - #743,"[0, 0, 1, 3, 0, 3, 1, 2, 2, 0, 1, 1]"
25.0% - #744,"[4, 1, 1, 0, 2, 1, 1, 0, 1, 1, 1, 1]"
25.0% - #745,"[0, 0, 1, 1, 2, 0, 4, 1, 2, 0, 1, 2]"
25.0% - #746,"[1, 0, 0, 3, 0, 0, 0, 1, 1, 3, 2, 3]"
25.0% - #747,"[4, 1, 1, 2, 1, 0, 2, 2, 0, 0, 0, 1]"
25.0% - #748,"[0, 0, 0, 6, 0, 0, 0, 2, 3, 1, 2, 0]"
25.0% - #749,"[2, 1, 0, 1, 0, 1, 0, 2, 2, 1, 0, 4]"
25.0% - #750,"[3, 0, 1, 3, 0, 0, 3, 4, 0, 0, 0, 0]"
25.0% - #751,"[4, 1, 0, 3, 0, 1, 1, 1, 0, 1, 0, 2]"
25.0% - #752,"[4, 0, 0, 0, 0, 0, 0, 6, 0, 3, 1, 0]"
25.0% - #753,"[2, 0, 0, 2, 2, 4, 0, 0, 0, 1, 0, 3]"
25.0% - #754,"[3, 2, 0, 4, 0, 3, 1, 0, 0, 0, 0, 1]"
25.0% - #755,"[0, 2, 2, 2, 1, 4, 0, 0, 3, 0, 0, 0]"
25.0% - #756,"[1, 1, 0, 0, 1, 3, 4, 1, 2, 1, 0, 0]"
25.0% - #757,"[0, 0, 0, 4, 0, 0, 3, 0, 0, 3, 1, 3]"
25.0% - #758,"[2, 0, 2, 3, 0, 3, 0, 0, 4, 0, 0, 0]"
25.0% - #759,"[1, 1, 1, 4, 0, 0, 0, 5, 1, 0, 0, 1]"
25.0% - #760,"[0, 3, 2, 2, 0, 2, 0, 2, 0, 1, 1, 1]"
25.0% - #761,"[2, 0, 0, 0, 1, 3, 0, 1, 1, 0, 3, 3]"
25.0% - #762,"[1, 0, 0, 3, 0, 1, 2, 0, 0, 4, 0, 3]"
25.0% - #763,"[2, 3, 1, 0, 0, 0, 0, 0, 6, 0, 2, 0]"
25.0% - #764,"[1, 0, 0, 1, 1, 1, 2, 0, 0, 4, 1, 3]"
25.0% - #765,"[0, 1, 1, 1, 0, 4, 0, 3, 0, 1, 1, 2]"
25.0% - #766,"[0, 3, 0, 1, 0, 1, 1, 2, 5, 0, 1, 0]"
25.0% - #767,"[0, 2, 0, 0, 2, 3, 0, 3, 1, 0, 3, 0]"
25.0% - #768,"[1, 3, 0, 1, 2, 0, 2, 3, 0, 0, 0, 2]"
25.0% - #769,"[3, 2, 1, 3, 0, 3, 0, 0, 2, 0, 0, 0]"
25.0% - #770,"[3, 0, 1, 4, 2, 1, 1, 2, 0, 0, 0, 0]"
25.0% - #771,"[0, 1, 0, 1, 0, 0, 0, 0, 5, 2, 2, 3]"
25.0% - #772,"[0, 2, 2, 0, 2, 2, 2, 2, 1, 0, 1, 0]"
25.0% - #773,"[4, 2, 0, 4, 0, 0, 0, 2, 0, 1, 1, 0]"
25.0% - #774,"[1, 0, 1, 0, 0, 1, 2, 0, 1, 4, 1, 3]"
25.0% - #775,"[3, 0, 1, 6, 0, 0, 0, 2, 1, 1, 0, 0]"
25.0% - #776,"[2, 1, 2, 2, 2, 1, 0, 0, 0, 0, 0, 4]"
25.0% - #777,"[0, 2, 0, 1, 1, 4, 0, 0, 1, 2, 0, 3]"
25.0% - #778,"[0, 2, 0, 3, 1, 2, 0, 1, 1, 1, 1, 2]"
25.0% - #779,"[0, 0, 0, 0, 1, 0, 0, 3, 6, 2, 2, 0]"
25.0% - #780,"[3, 0, 1, 2, 0, 1, 1, 1, 1, 0, 0, 4]"
25.0% - #781,"[2, 0, 1, 0, 2, 0, 2, 2, 0, 2, 0, 3]"
25.0% - #782,"[3, 1, 1, 0, 1, 1, 2, 0, 1, 3, 0, 1]"
25.0% - #783,"[1, 0, 0, 4, 0, 1, 0, 8, 0, 0, 0, 0]"
25.0% - #784,"[4, 0, 0, 1, 0, 0, 1, 0, 1, 4, 3, 0]"
25.0% - #785,"[0, 2, 1, 2, 2, 0, 0, 2, 3, 0, 2, 0]"
25.0% - #786,"[1, 1, 2, 3, 0, 4, 0, 1, 2, 0, 0, 0]"
25.0% - #787,"[1, 0, 2, 2, 2, 0, 0, 3, 0, 1, 0, 3]"
25.0% - #788,"[2, 1, 0, 2, 0, 0, 0, 3, 1, 3, 2, 0]"
25.0% - #789,"[0, 0, 1, 2, 0, 2, 3, 1, 1, 0, 2, 2]"
25.0% - #790,"[0, 0, 1, 7, 2, 0, 1, 0, 1, 0, 1, 1]"
25.0% - #791,"[0, 2, 1, 2, 0, 2, 1, 0, 1, 4, 1, 0]"
25.0% - #792,"[0, 0, 0, 3, 0, 2, 2, 1, 0, 3, 3, 0]"
25.0% - #793,"[1, 0, 0, 0, 1, 1, 4, 1, 1, 0, 1, 4]"
25.0% - #794,"[0, 0, 0, 4, 1, 0, 0, 0, 5, 3, 0, 1]"
25.0% - #795,"[0, 3, 0, 1, 1, 0, 1, 1, 3, 1, 3, 0]"
25.0% - #796,"[0, 2, 0, 1, 1, 2, 1, 0, 5, 1, 0, 1]"
25.0% - #797,"[0, 3, 1, 1, 2, 1, 2, 2, 0, 1, 0, 1]"
25.0% - #798,"[0, 1, 1, 6, 1, 1, 0, 0, 0, 3, 1, 0]"
25.0% - #799,"[0, 0, 0, 4, 2, 2, 3, 0, 0, 2, 0, 1]"
25.0% - #800,"[2, 0, 2, 1, 1, 1, 1, 0, 3, 0, 3, 0]"
25.0% - #801,"[0, 0, 0, 3, 0, 1, 0, 6, 0, 3, 0, 1]"
25.0% - #802,"[0, 0, 0, 4, 1, 1, 0, 6, 1, 1, 0, 0]"
25.0% - #803,"[0, 1, 0, 4, 0, 0, 1, 4, 3, 0, 0, 1]"
25.0% - #804,"[3, 2, 0, 1, 2, 0, 2, 0, 1, 1, 0, 2]"
25.0% - #805,"[4, 1, 0, 0, 1, 0, 2, 0, 1, 1, 0, 4]"
25.0% - #806,"[4, 0, 2, 0, 0, 0, 1, 0, 2, 3, 2, 0]"
25.0% - #807,"[0, 3, 0, 2, 2, 0, 0, 0, 2, 1, 1, 3]"
25.0% - #808,"[1, 2, 0, 2, 0, 0, 3, 1, 0, 3, 1, 1]"
25.0% - #809,"[3, 1, 1, 0, 0, 0, 0, 0, 6, 2, 1, 0]"
25.0% - #810,"[1, 1, 2, 2, 0, 3, 1, 1, 0, 3, 0, 0]"
25.0% - #811,"[2, 0, 0, 5, 0, 2, 1, 2, 0, 0, 2, 0]"
25.0% - #812,"[1, 2, 0, 5, 0, 0, 0, 0, 2, 0, 0, 4]"
25.0% - #813,"[0, 1, 1, 0, 2, 0, 1, 4, 0, 2, 2, 1]"
25.0% - #814,"[0, 1, 0, 1, 1, 0, 4, 2, 2, 2, 1, 0]"
25.0% - #815,"[1, 1, 0, 2, 0, 1, 0, 3, 1, 0, 2, 3]"
25.0% - #816,"[0, 0, 1, 1, 2, 1, 2, 0, 1, 3, 1, 2]"
25.0% - #817,"[1, 0, 1, 2, 1, 2, 3, 1, 0, 1, 1, 1]"
25.0% - #818,"[2, 0, 2, 1, 0, 0, 0, 6, 0, 3, 0, 0]"
25.0% - #819,"[1, 1, 2, 1, 1, 0, 0, 0, 2, 2, 2, 2]"
25.0% - #820,"[0, 1, 1, 1, 2, 1, 4, 1, 1, 2, 0, 0]"
25.0% - #821,"[1, 0, 1, 4, 1, 1, 1, 3, 1, 1, 0, 0]"
25.0% - #822,"[0, 0, 1, 0, 1, 3, 2, 1, 2, 1, 2, 1]"
25.0% - #823,"[0, 2, 2, 5, 0, 1, 0, 0, 0, 2, 0, 2]"
25.0% - #824,"[0, 1, 2, 1, 0, 0, 0, 5, 2, 1, 0, 2]"
25.0% - #825,"[2, 2, 0, 0, 0, 1, 0, 0, 1, 3, 3, 2]"
25.0% - #826,"[0, 1, 0, 0, 2, 0, 4, 1, 1, 1, 1, 3]"
25.0% - #827,"[3, 2, 2, 2, 0, 0, 1, 0, 2, 0, 2, 0]"
25.0% - #828,"[1, 1, 1, 3, 0, 1, 3, 0, 0, 2, 2, 0]"
25.0% - #829,"[3, 1, 0, 0, 1, 3, 0, 0, 0, 3, 1, 2]"
25.0% - #830,"[0, 0, 1, 3, 2, 0, 2, 2, 0, 2, 1, 1]"
25.0% - #831,"[4, 0, 0, 3, 2, 1, 0, 1, 0, 2, 0, 1]"
25.0% - #832,"[0, 2, 1, 1, 1, 0, 2, 6, 1, 0, 0, 0]"
25.0% - #833,"[2, 2, 0, 0, 0, 0, 2, 1, 4, 1, 0, 2]"
25.0% - #834,"[3, 0, 1, 0, 0, 3, 1, 3, 0, 0, 3, 0]"
25.0% - #835,"[0, 1, 0, 1, 0, 0, 3, 2, 2, 2, 3, 0]"
25.0% - #836,"[3, 2, 2, 0, 2, 1, 0, 3, 1, 0, 0, 0]"
25.0% - #837,"[0, 0, 0, 0, 1, 2, 2, 0, 4, 1, 0, 4]"
25.0% - #838,"[3, 0, 0, 3, 0, 2, 3, 2, 0, 0, 1, 0]"
25.0% - #839,"[4, 3, 0, 1, 1, 0, 1, 0, 2, 1, 1, 0]"
25.0% - #840,"[0, 3, 2, 2, 1, 1, 0, 2, 1, 1, 0, 1]"
25.0% - #841,"[1, 0, 0, 0, 1, 0, 3, 0, 5, 0, 1, 3]"
25.0% - #842,"[0, 3, 1, 1, 1, 3, 1, 2, 1, 0, 1, 0]"
25.0% - #843,"[4, 2, 1, 0, 0, 0, 1, 2, 2, 2, 0, 0]"
25.0% - #844,"[2, 1, 2, 0, 0, 1, 0, 1, 3, 0, 2, 2]"
25.0% - #845,"[2, 2, 0, 0, 2, 4, 2, 1, 0, 0, 1, 0]"
25.0% - #846,"[1, 1, 0, 3, 0, 2, 2, 1, 2, 2, 0, 0]"
25.0% - #847,"[0, 1, 0, 5, 1, 0, 4, 2, 0, 0, 1, 0]"
25.0% - #848,"[3, 1, 0, 0, 0, 0, 1, 3, 3, 0, 2, 1]"
25.0% - #849,"[2, 0, 1, 0, 2, 1, 1, 2, 0, 2, 1, 2]"
25.0% - #850,"[0, 3, 0, 3, 0, 0, 1, 3, 1, 1, 0, 2]"
25.0% - #851,"[4, 0, 1, 0, 0, 2, 4, 1, 0, 0, 2, 0]"
25.0% - #852,"[4, 0, 0, 2, 0, 0, 0, 3, 2, 1, 0, 2]"
25.0% - #853,"[1, 0, 2, 2, 1, 1, 0, 0, 2, 1, 1, 3]"
25.0% - #854,"[0, 1, 0, 1, 0, 5, 2, 1, 1, 3, 0, 0]"
25.0% - #855,"[0, 3, 2, 1, 0, 0, 0, 4, 3, 0, 0, 1]"
25.0% - #856,"[2, 0, 1, 0, 0, 0, 3, 1, 2, 2, 1, 2]"
25.0% - #857,"[0, 2, 0, 0, 0, 3, 2, 2, 1, 4, 0, 0]"
25.0% - #858,"[1, 3, 0, 0, 0, 1, 3, 1, 1, 2, 2, 0]"
25.0% - #859,"[2, 1, 0, 0, 0, 0, 1, 0, 6, 2, 2, 0]"
25.0% - #860,"[0, 0, 0, 0, 1, 5, 3, 1, 2, 0, 2, 0]"
25.0% - #861,"[2, 1, 0, 2, 0, 0, 1, 2, 1, 0, 3, 2]"
25.0% - #862,"[1, 3, 0, 0, 0, 0, 2, 2, 1, 0, 1, 4]"
25.0% - #863,"[4, 0, 0, 3, 1, 0, 2, 1, 1, 1, 0, 1]"
25.0% - #864,"[0, 0, 1, 2, 2, 0, 1, 0, 1, 3, 0, 4]"
25.0% - #865,"[0, 1, 0, 6, 0, 0, 3, 1, 0, 1, 0, 2]"
25.0% - #866,"[4, 0, 0, 6, 2, 0, 0, 1, 0, 1, 0, 0]"
25.0% - #867,"[0, 2, 1, 3, 0, 1, 0, 1, 1, 3, 2, 0]"
25.0% - #868,"[2, 0, 2, 1, 0, 6, 0, 0, 3, 0, 0, 0]"
25.0% - #869,"[3, 1, 1, 0, 1, 2, 3, 0, 1, 0, 0, 2]"
25.0% - #870,"[1, 1, 2, 3, 0, 0, 0, 1, 3, 0, 1, 2]"
25.0% - #871,"[1, 0, 0, 4, 1, 1, 3, 1, 0, 0, 3, 0]"
25.0% - #872,"[4, 1, 0, 1, 0, 2, 0, 0, 0, 4, 1, 1]"
25.0% - #873,"[0, 1, 2, 2, 2, 1, 0, 2, 3, 0, 1, 0]"
25.0% - #874,"[0, 1, 1, 1, 0, 2, 0, 5, 0, 2, 1, 1]"
25.0% - #875,"[0, 1, 1, 3, 1, 1, 1, 1, 2, 0, 0, 3]"
25.0% - #876,"[4, 1, 1, 0, 0, 3, 1, 1, 1, 1, 1, 0]"
25.0% - #877,"[1, 1, 0, 0, 0, 3, 3, 0, 2, 1, 3, 0]"
25.0% - #878,"[1, 0, 2, 1, 1, 3, 0, 0, 2, 1, 3, 0]"
25.0% - #879,"[1, 1, 0, 1, 0, 1, 0, 6, 1, 0, 0, 3]"
25.0% - #880,"[1, 3, 2, 0, 0, 3, 0, 1, 0, 0, 0, 4]"
25.0% - #881,"[0, 2, 1, 1, 1, 0, 3, 2, 3, 0, 1, 0]"
25.0% - #882,"[2, 1, 0, 6, 0, 2, 0, 0, 1, 0, 0, 2]"
25.0% - #883,"[3, 1, 1, 0, 1, 1, 1, 0, 2, 2, 1, 1]"
25.0% - #884,"[3, 3, 2, 1, 0, 1, 0, 2, 0, 0, 1, 1]"
25.0% - #885,"[0, 3, 0, 2, 2, 0, 3, 2, 1, 0, 0, 1]"
25.0% - #886,"[0, 1, 1, 0, 2, 1, 3, 2, 3, 0, 0, 1]"
25.0% - #887,"[1, 2, 0, 0, 0, 0, 2, 6, 1, 1, 0, 1]"
25.0% - #888,"[0, 3, 0, 0, 0, 1, 0, 3, 0, 3, 1, 3]"
25.0% - #889,"[1, 2, 0, 2, 2, 0, 3, 1, 0, 0, 2, 1]"
25.0% - #890,"[0, 0, 0, 2, 1, 1, 3, 2, 2, 2, 1, 0]"
25.0% - #891,"[0, 0, 1, 1, 2, 1, 4, 5, 0, 0, 0, 0]"
25.0% - #892,"[0, 1, 2, 1, 1, 6, 0, 0, 2, 1, 0, 0]"
25.0% - #893,"[2, 2, 1, 0, 0, 0, 0, 0, 4, 0, 1, 4]"
25.0% - #894,"[0, 3, 2, 0, 0, 3, 3, 1, 1, 0, 0, 1]"
25.0% - #895,"[1, 1, 0, 0, 2, 0, 0, 1, 2, 3, 2, 2]"
25.0% - #896,"[2, 1, 0, 5, 0, 1, 0, 1, 0, 1, 1, 2]"
25.0% - #897,"[0, 1, 0, 1, 0, 2, 3, 0, 2, 0, 3, 2]"
25.0% - #898,"[0, 3, 2, 1, 0, 0, 2, 2, 0, 3, 0, 1]"
25.0% - #899,"[2, 1, 0, 0, 0, 0, 2, 6, 2, 0, 0, 1]"
25.0% - #900,"[3, 3, 2, 0, 1, 0, 0, 0, 0, 0, 1, 4]"
25.0% - #901,"[0, 0, 0, 4, 1, 3, 2, 1, 1, 0, 0, 2]"
25.0% - #902,"[1, 3, 0, 1, 1, 0, 0, 0, 1, 1, 2, 4]"
25.0% - #903,"[3, 0, 2, 1, 2, 2, 0, 0, 1, 0, 1, 2]"
25.0% - #904,"[3, 1, 2, 1, 1, 2, 3, 0, 0, 0, 0, 1]"
25.0% - #905,"[1, 0, 0, 0, 0, 4, 2, 4, 1, 1, 1, 0]"
25.0% - #906,"[1, 0, 1, 0, 0, 2, 1, 2, 1, 1, 2, 3]"
25.0% - #907,"[4, 0, 0, 3, 0, 1, 0, 0, 2, 0, 3, 1]"
25.0% - #908,"[0, 0, 1, 3, 2, 1, 2, 0, 4, 0, 1, 0]"
25.0% - #909,"[0, 0, 0, 7, 1, 0, 0, 3, 0, 0, 1, 2]"
25.0% - #910,"[0, 1, 1, 0, 2, 0, 1, 6, 0, 0, 1, 2]"
25.0% - #911,"[0, 0, 2, 0, 0, 3, 1, 4, 0, 2, 1, 1]"
25.0% - #912,"[1, 1, 0, 0, 2, 4, 1, 4, 0, 0, 1, 0]"
25.0% - #913,"[0, 1, 0, 0, 1, 1, 1, 2, 1, 0, 3, 4]"
25.0% - #914,"[1, 3, 0, 2, 1, 0, 0, 2, 2, 1, 2, 0]"
25.0% - #915,"[4, 0, 0, 1, 1, 0, 3, 0, 0, 1, 1, 3]"
25.0% - #916,"[4, 1, 1, 1, 1, 0, 1, 0, 3, 0, 1, 1]"
25.0% - #917,"[1, 0, 0, 1, 0, 2, 3, 1, 1, 1, 0, 4]"
25.0% - #918,"[0, 1, 2, 4, 0, 0, 1, 1, 0, 2, 2, 1]"
25.0% - #919,"[1, 3, 0, 2, 0, 0, 0, 2, 3, 0, 1, 2]"
25.0% - #920,"[4, 0, 1, 1, 1, 0, 1, 0, 0, 1, 1, 4]"
25.0% - #921,"[4, 1, 2, 0, 2, 0, 0, 0, 2, 0, 1, 2]"
25.0% - #922,"[2, 0, 2, 1, 2, 1, 0, 0, 0, 3, 1, 2]"
25.0% - #923,"[0, 0, 2, 5, 0, 0, 0, 2, 1, 2, 2, 0]"
25.0% - #924,"[1, 3, 0, 0, 1, 0, 0, 2, 1, 4, 1, 1]"
25.0% - #925,"[1, 2, 1, 0, 0, 1, 1, 1, 0, 1, 3, 3]"
25.0% - #926,"[0, 3, 0, 2, 2, 0, 1, 1, 1, 3, 1, 0]"
25.0% - #927,"[0, 1, 0, 0, 0, 0, 4, 5, 0, 2, 2, 0]"
25.0% - #928,"[3, 3, 0, 3, 0, 0, 2, 0, 1, 2, 0, 0]"
25.0% - #929,"[1, 0, 0, 1, 0, 1, 1, 3, 0, 4, 1, 2]"
25.0% - #930,"[1, 0, 1, 0, 1, 2, 0, 3, 1, 0, 1, 4]"
25.0% - #931,"[0, 3, 2, 0, 0, 1, 2, 2, 2, 0, 0, 2]"
25.0% - #932,"[2, 0, 1, 1, 1, 0, 0, 2, 3, 0, 2, 2]"
25.0% - #933,"[0, 2, 0, 5, 0, 0, 1, 0, 1, 2, 0, 3]"
25.0% - #934,"[0, 0, 1, 1, 0, 4, 3, 2, 0, 1, 1, 1]"
25.0% - #935,"[0, 0, 2, 1, 0, 3, 0, 2, 0, 0, 2, 4]"
25.0% - #936,"[1, 1, 1, 0, 1, 1, 1, 3, 1, 4, 0, 0]"
25.0% - #937,"[0, 0, 2, 7, 0, 0, 0, 0, 0, 0, 2, 3]"
25.0% - #938,"[4, 0, 2, 0, 2, 0, 0, 0, 1, 1, 3, 1]"
25.0% - #939,"[0, 0, 1, 7, 0, 1, 0, 1, 0, 2, 2, 0]"
25.0% - #940,"[0, 1, 1, 3, 2, 1, 1, 0, 1, 2, 0, 2]"
25.0% - #941,"[1, 2, 2, 1, 0, 0, 0, 4, 1, 1, 0, 2]"
25.0% - #942,"[0, 2, 2, 1, 1, 0, 4, 0, 0, 0, 1, 3]"
25.0% - #943,"[1, 0, 2, 0, 0, 4, 2, 2, 0, 3, 0, 0]"
25.0% - #944,"[2, 0, 1, 0, 0, 0, 1, 1, 5, 0, 3, 1]"
25.0% - #945,"[1, 3, 1, 3, 1, 0, 0, 0, 2, 0, 3, 0]"
25.0% - #946,"[0, 1, 1, 3, 0, 0, 1, 2, 5, 0, 0, 1]"
25.0% - #947,"[1, 1, 0, 1, 0, 3, 3, 0, 0, 1, 1, 3]"
25.0% - #948,"[1, 0, 0, 5, 1, 0, 0, 0, 2, 0, 1, 4]"
25.0% - #949,"[1, 1, 0, 3, 0, 0, 0, 2, 5, 0, 0, 2]"
25.0% - #950,"[1, 1, 1, 1, 1, 6, 2, 0, 0, 0, 1, 0]"
25.0% - #951,"[0, 1, 1, 5, 0, 3, 1, 0, 1, 1, 1, 0]"
25.0% - #952,"[1, 3, 2, 1, 1, 0, 1, 2, 0, 1, 2, 0]"
25.0% - #953,"[1, 0, 0, 0, 1, 2, 3, 0, 5, 0, 1, 1]"
25.0% - #954,"[1, 1, 1, 1, 0, 5, 2, 3, 0, 0, 0, 0]"
25.0% - #955,"[0, 3, 0, 0, 1, 1, 0, 4, 0, 2, 0, 3]"
25.0% - #956,"[0, 3, 0, 0, 0, 2, 0, 0, 2, 2, 2, 3]"
25.0% - #957,"[0, 0, 0, 2, 2, 3, 1, 0, 0, 4, 1, 1]"
25.0% - #958,"[3, 0, 0, 1, 0, 1, 2, 1, 3, 1, 0, 2]"
25.0% - #959,"[3, 0, 0, 3, 1, 2, 0, 0, 1, 1, 0, 3]"
25.0% - #960,"[1, 3, 1, 6, 1, 0, 0, 0, 0, 2, 0, 0]"
25.0% - #961,"[3, 2, 2, 0, 2, 0, 2, 1, 0, 1, 1, 0]"
25.0% - #962,"[0, 1, 2, 0, 0, 1, 4, 4, 0, 0, 0, 2]"
25.0% - #963,"[2, 0, 2, 1, 0, 0, 4, 2, 0, 3, 0, 0]"
25.0% - #964,"[0, 0, 0, 1, 0, 2, 1, 2, 1, 0, 3, 4]"
25.0% - #965,"[3, 0, 0, 1, 0, 3, 2, 1, 0, 2, 1, 1]"
25.0% - #966,"[3, 2, 0, 1, 1, 0, 2, 0, 3, 1, 0, 1]"
25.0% - #967,"[4, 0, 0, 3, 1, 0, 0, 0, 5, 1, 0, 0]"
25.0% - #968,"[2, 0, 2, 0, 0, 1, 3, 0, 3, 0, 0, 3]"
25.0% - #969,"[2, 0, 1, 2, 0, 2, 3, 0, 0, 3, 0, 1]"
25.0% - #970,"[2, 1, 0, 0, 1, 3, 0, 1, 1, 2, 2, 1]"
25.0% - #971,"[1, 3, 0, 5, 0, 1, 1, 0, 3, 0, 0, 0]"
25.0% - #972,"[4, 0, 0, 0, 1, 0, 2, 2, 0, 0, 2, 3]"
25.0% - #973,"[0, 0, 0, 0, 0, 3, 0, 0, 4, 4, 0, 3]"
25.0% - #974,"[3, 0, 0, 1, 2, 2, 2, 0, 0, 2, 0, 2]"
25.0% - #975,"[1, 0, 1, 0, 1, 3, 0, 1, 4, 2, 0, 1]"
25.0% - #976,"[3, 3, 2, 0, 0, 1, 0, 0, 1, 2, 1, 1]"
25.0% - #977,"[0, 3, 1, 2, 1, 1, 0, 0, 4, 1, 0, 1]"
25.0% - #978,"[3, 0, 0, 1, 2, 0, 3, 0, 3, 0, 0, 2]"
25.0% - #979,"[1, 0, 0, 3, 1, 0, 1, 4, 3, 0, 0, 1]"
25.0% - #980,"[1, 0, 0, 0, 0, 1, 4, 2, 5, 0, 0, 1]"
25.0% - #981,"[0, 0, 1, 4, 0, 4, 1, 0, 1, 2, 1, 0]"
25.0% - #982,"[1, 3, 0, 0, 1, 1, 4, 1, 1, 1, 1, 0]"
25.0% - #983,"[0, 2, 2, 3, 0, 0, 1, 0, 4, 0, 2, 0]"
25.0% - #984,"[0, 1, 2, 1, 2, 0, 0, 4, 2, 0, 1, 1]"
25.0% - #985,"[2, 0, 0, 5, 0, 0, 1, 2, 3, 0, 0, 1]"
25.0% - #986,"[0, 0, 2, 0, 2, 1, 1, 0, 0, 3, 2, 3]"
25.0% - #987,"[3, 1, 0, 0, 2, 3, 0, 1, 1, 0, 3, 0]"
25.0% - #988,"[1, 0, 2, 6, 0, 0, 0, 3, 1, 0, 0, 1]"
25.0% - #989,"[0, 1, 1, 3, 0, 0, 3, 1, 2, 0, 3, 0]"
25.0% - #990,"[2, 0, 0, 0, 1, 4, 1, 0, 1, 0, 2, 3]"
25.0% - #991,"[0, 3, 0, 3, 1, 0, 1, 0, 3, 0, 2, 1]"
25.0% - #992,"[0, 3, 1, 2, 0, 1, 0, 3, 1, 1, 1, 1]"
25.0% - #993,"[0, 2, 1, 2, 0, 1, 1, 0, 3, 0, 1, 3]"
25.0% - #994,"[0, 0, 2, 1, 2, 2, 1, 4, 0, 0, 1, 1]"
25.0% - #995,"[0, 0, 0, 7, 0, 2, 0, 1, 0, 4, 0, 0]"
25.0% - #996,"[2, 0, 1, 2, 1, 0, 0, 4, 1, 2, 1, 0]"
25.0% - #997,"[0, 0, 0, 6, 2, 2, 2, 0, 0, 1, 1, 0]"
25.0% - #998,"[1, 0, 1, 1, 0, 2, 1, 1, 3, 3, 1, 0]"
25.0% - #999,"[0, 0, 1, 3, 1, 3, 0, 1, 1, 1, 1, 2]"
25.0% - #1000,"[1, 3, 2, 1, 0, 0, 1, 0, 1, 2, 3, 0]"
