potential combination,sequence
10.0% - #1_10.0% - #1,CAAAAGACTCCTGGGCTCACCTGTTAGCGCTGGCCCAGCCCAGGCCTTGGGACCTGGGGGTTGGTGATTTGGGGGACAGTGCTACACTCGTCTCCACTGTTTGTTTTACTTCCCCAAAATGGACCTTTTTTTTTTCTAAAGAGTCCCAGAGAATGGGGAATTGTTCCTGTAAATATATATTTTTCAAAGTGACGCGAGAGGCATCACGCACTTTTTCTCTTACGTTGTCAGGACTAGCTGAGCGTGGCACGCATGACTGTGTGTGGAGGGTGTGAGGCAGAGGTCGATTGTGAGAGAAACGGTGTGATGGCGTGTGTGAGAAACAATAGTAGGGACTGCATATCGGTAACCATGTGTGTGTCAGAGACGTGGAAAGCTGTGATTGTGTGTGAGAGTGTGCAGAAGTTGTGACCACAGACTTTTGATGGTGTGTCTATGTGGGAAATTGTGGCTGTGTTTCAGAAAATAACTGAGCCTGGATGAATAGTCAAGGTACTGTACAAGAACCTGTGATGGTATGCACAAAATAATGTCTACGAGAAGGGAACGGGGACTGCAGCCCT
10.0% - #1_25.0% - #1,CAAAAGACTCCTGGGCTCACCTGTTAGCGCTGGCCCAGCCCAGGCCTTGGGACCTGGGGGTTGGTGATTTGGGGGACAGTGCTACACTCGTCTCCACTGTTTGTTTTACTTCCCCAAAATGGACCTTTTTTTTTTCTAAAGAGTCCCAGAGAATGGGGAATTGTTCCTGTAAATATATATTTTTCAAAGTGACGCGAGAGGCATCACGCACTTTTTCTCTTACGTTGTCAGGACTAGCTGAGCGTGGCACGCATGACTGTGTGTGGAGGGTGTGAGGCAGAGGTCGATTGTGAGAGAAACGGTGTGATGGCGTGTGTGAGAAACAATAGTAGGGACTGCATATCGGTAACCATGTGTGTGTCAGAGACGTGGAAAGCTGTGATTGTGTGTGAGAGTGTGCAGAAGTTGTGACCACAGACTTTTGATGGTGTGTCTATGTGGGAAATTGTGGCTGTGTTTCAGAAAATAACTGAGCCTGGATGAATAGTCAAGGTACTGTACAAGAACCTGTGATGGTATGCACAAAATAATGTCTACGAGAAGGGAACGGGGACTGCAGCCCT
10.0% - #1_50.0% - #1,CAAAAGACTCCTGGGCTCACCTGTTAGCGCTGGCCCAGCCCAGGCCTTGGGACCTGGGGGTTGGTGATTTGGGGGACAGTGCTACACTCGTCTCCACTGTTTGTTTTACTTCCCCAAAATGGACCTTTTTTTTTTCTAAAGAGTCCCAGAGAATGGGGAATTGTTCCTGTAAATATATATTTTTCAAAGTGACGCGAGAGGCATCACGCACTTTTTCTCTTACGTTGTCAGGACTAGCTGAGCGTGGCACGCATGACTGTGTGTGGAGGGTGTGAGGCAGAGGTCGATTGTGAGAGAAACGGTGTGATGGCGTGTGTGAGAAACAATAGTAGGGACTGCATATCGGTAACCATCTTCGGTTCAGAGACGTGGAAAGCTGTGATTGTGTGTGAGAGTGTGCAGAAGTTGTGACCACAGACTTTTGATGGTGTGTCTATGTGGGAAATTGTGGCTGTGTTTCAGAAAATAACTGAGCCTGGATGAATAGTCAAGGTACTGTACAAGAACCTGTGATGGTATGCACAAAATAATGTCTACGAGAAGGGAACGGGGACTGCAGCCCT
10.0% - #1_10.0% - #2,CAAAAGACTCCTGGGCTCACCTGTTAGCGCTGGCCCAGCCCAGGCCTTGGGACCTGGGGGTTGGTGATTTGGGGGACAGTGCTACACTCGTCTCCACTGTTTGTTTTACTTCCCCAAAATGGACCTTTTTTTTTTCTAAAGAGTCCCAGAGAATGGGGAATTGTTCCTGTAAATATATATTTTTCAAAGTGACGCGAGAGGCATCACGCACTTTTTCTCTTACGTTGTCAGGACTAGCTGAGCGTGGCACGCATGACTGTGTGTGGAGGGTGTGAGGCAGAGGTCGATTGTGAGAGAAACGGTGTGATGGCGTGTGTGAGAAACAATAGTAGGGACTGCATATCGGTAACCATGTGTGTGTCAGAGACGTGGAAAGCTGTGATTCTGTGTGAGAGTGTGCAGAAGTTGTGACCACAGACTTTTGATGGTGTGTCTATGTGGGAAATTGTGGCTGTGTTTCAGAAAATAACTGAGCCTGGATGAATAGTCAAGGTACTGTACAAGAACCTGTGATGGTATGCACAAAATAATGTCTACGAGAAGGGAACGGGGACTGCAGCCCT
10.0% - #1_10.0% - #3,CAAAAGACTCCTGGGCTCACCTGTTAGCGCTGGCCCAGCCCAGGCCTTGGGACCTGGGGGTTGGTGATTTGGGGGACAGTGCTACACTCGTCTCCACTGTTTGTTTTACTTCCCCAAAATGGACCTTTTTTTTTTCTAAAGAGTCCCAGAGAATGGGGAATTGTTCCTGTAAATATATATTTTTCAAAGTGACGCGAGAGGCATCACGCACTTTTTCTCTTACGTTGTCAGGACTAGCTGAGCGTGGCACGCATGACTGTGTGTGGAGGGTGTGAGGCAGAGGTCGATTGTGAGAGAAACGGTGTGATGGCGTGTGTGAGAAACAATAGTAGGGACTGCATATCGGTAACCATGTGAGTGTCAGAGACGTGGAAAGCTGTGATTGTGTGTGAGAGTGTGCAGAAGTAGTGACCACAGACTTTTGATGGTGTGTCTATGTGGGAAATTGTGGCTGTGTTTCAGAAAATAACTGAGCCTGGATGAATAGTCAAGGTACTGTACAAGAACCTGTGATGGTATGCACAAAATAATGTCTACGAGAAGGGAACGGGGACTGCAGCCCT
10.0% - #1_25.0% - #2,CAAAAGACTCCTGGGCTCACCTGTTAGCGCTGGCCCAGCCCAGGCCTTGGGACCTGGGGGTTGGTGATTTGGGGGACAGTGCTACACTCGTCTCCACTGTTTGTTTTACTTCCCCAAAATGGACCTTTTTTTTTTCTAAAGAGTCCCAGAGAATGGGGAATTGTTCCTGTAAATATATATTTTTCAAAGTGACGCGAGAGGCATCACGCACTTTTTCTCTTACGTTGTCAGGACTAGCTGAGCGTGGCACGCATGACTGTGTGTGGAGGGTGTGAGGCAGAGGTCGATTGTGAGAGAAACGGTGTGATGGCGTGTGTGAGAAACAATAGTAGGGACTGCATATCGGTAACCATGTGTGGTTCAGAGACGTGGAAAGCTGTGATTGTGTGAGAGAGTGTGCAGAAGTTGCTACCACAGACTTTTGATGGTGTGTCTATGTGGGAAATCTTGGCTAGCTTTCAGAAAATAACCTAGCCTGGATGAATAGTCAAGGTACTGTACAAGAACCTGCTATGGTATGCACAAAATAATGTCTACGAGAAGGGAACGGGGACTGCAGCCCT
10.0% - #1_25.0% - #3,CAAAAGACTCCTGGGCTCACCTGTTAGCGCTGGCCCAGCCCAGGCCTTGGGACCTGGGGGTTGGTGATTTGGGGGACAGTGCTACACTCGTCTCCACTGTTTGTTTTACTTCCCCAAAATGGACCTTTTTTTTTTCTAAAGAGTCCCAGAGAATGGGGAATTGTTCCTGTAAATATATATTTTTCAAAGTGACGCGAGAGGCATCACGCACTTTTTCTCTTACGTTGTCAGGACTAGCTGAGCGTGGCACGCATGACTGTGTGTGGAGGGTGTGAGGCAGAGGTCGATTGTGAGAGAAACGGTGTGATGGCGTGTGTGAGAAACAATAGTAGGGACTGCATATCGGTAACCATACACACCTCAGAGACGTGGAAAGCTGTGATTGTGTGTGAGAGTGTGCAGAAGTTGTGACCACAGACTTTGCATAGTGTGTCTATGTGGGAAATTCCGGCTATGTTTCAGAAAATAACTGAGCCGAGACTAATAGTCAAGGTACTGTACAAGAACCTGTGATGGTATGCACAAAATAATGTCTACGAGAAGGGAACGGGGACTGCAGCCCT
10.0% - #1_50.0% - #2,CAAAAGACTCCTGGGCTCACCTGTTAGCGCTGGCCCAGCCCAGGCCTTGGGACCTGGGGGTTGGTGATTTGGGGGACAGTGCTACACTCGTCTCCACTGTTTGTTTTACTTCCCCAAAATGGACCTTTTTTTTTTCTAAAGAGTCCCAGAGAATGGGGAATTGTTCCTGTAAATATATATTTTTCAAAGTGACGCGAGAGGCATCACGCACTTTTTCTCTTACGTTGTCAGGACTAGCTGAGCGTGGCACGCATGACTGTGTGTGGAGGGTGTGAGGCAGAGGTCGATTGTGAGAGAAACGGTGTGATGGCGTGTGTGAGAAACAATAGTAGGGACTGCATATCGGTAACCACACATGTGTCAGAGACGTGGAAAGCTATGATTGTGCCTGAGAGTGTGCAGAAGTTGTGACCACAGACTTTTGAGGGTGACTCTATAACGGAAATAGCAGCTAGGTTTCAGAAAATAACTGAGCCTGGATGAATAGTCAAGGTACTGTACAAGAACCTTAGAGGGTAGTCACAAAATAATGTCTACGAGAAGGGAACGGGGACTGCAGCCCT
10.0% - #1_50.0% - #3,CAAAAGACTCCTGGGCTCACCTGTTAGCGCTGGCCCAGCCCAGGCCTTGGGACCTGGGGGTTGGTGATTTGGGGGACAGTGCTACACTCGTCTCCACTGTTTGTTTTACTTCCCCAAAATGGACCTTTTTTTTTTCTAAAGAGTCCCAGAGAATGGGGAATTGTTCCTGTAAATATATATTTTTCAAAGTGACGCGAGAGGCATCACGCACTTTTTCTCTTACGTTGTCAGGACTAGCTGAGCGTGGCACGCATGACTGTGTGTGGAGGGTGTGAGGCAGAGGTCGATTGTGAGAGAAACGGTGTGATGGCGTGTGTGAGAAACAATAGTAGGGACTGCATATCGGTAACCATGTGTGTGTCAGAGACGTGGAAAGCCTTGATAGCGCACGAGAGTAAGCAGAAGTATACACCACAGACTTTCAACAGAGCATCTACACTGGAAATTGTGGCTGTGTTTCAGAAAATAACTGAGCCTGGATGAATAGTCAAGGTACTGTACAAGAACCAGGCATAGTATGCACAAAATAATGTCTACGAGAAGGGAACGGGGACTGCAGCCCT
10.0% - #1_100.0% - #1,CAAAAGACTCCTGGGCTCACCTGTTAGCGCTGGCCCAGCCCAGGCCTTGGGACCTGGGGGTTGGTGATTTGGGGGACAGTGCTACACTCGTCTCCACTGTTTGTTTTACTTCCCCAAAATGGACCTTTTTTTTTTCTAAAGAGTCCCAGAGAATGGGGAATTGTTCCTGTAAATATATATTTTTCAAAGTGACGCGAGAGGCATCACGCACTTTTTCTCTTACGTTGTCAGGACTAGCTGAGCGTGGCACGCATGACTGTGTGTGGAGGGTGTGAGGCAGAGGTCGATTGTGAGAGAAACGGTGTGATGGCGTGTGTGAGAAACAATAGTAGGGACTGCATATCGGTAACCAGAGGTTACTCAGAGACGTGGAAAGCCCATATCTAGAAGGAGAGAAGTCAGAAGTCGACACCACAGACTTTAGACCGCCCATCTATAATGGAAATTTCGGCACTCTTTCAGAAAATAACCCAGCCTAGAAGAATAGTCAAGGTACTGTACAAGAACCCACGAAAGTAGACACAAAATAATGTCTACGAGAAGGGAACGGGGACTGCAGCCCT
10.0% - #1_100.0% - #2,CAAAAGACTCCTGGGCTCACCTGTTAGCGCTGGCCCAGCCCAGGCCTTGGGACCTGGGGGTTGGTGATTTGGGGGACAGTGCTACACTCGTCTCCACTGTTTGTTTTACTTCCCCAAAATGGACCTTTTTTTTTTCTAAAGAGTCCCAGAGAATGGGGAATTGTTCCTGTAAATATATATTTTTCAAAGTGACGCGAGAGGCATCACGCACTTTTTCTCTTACGTTGTCAGGACTAGCTGAGCGTGGCACGCATGACTGTGTGTGGAGGGTGTGAGGCAGAGGTCGATTGTGAGAGAAACGGTGTGATGGCGTGTGTGAGAAACAATAGTAGGGACTGCATATCGGTAACCATTAGCCCTTCAGAGACGTGGAAAGCGAGTATCACCATCCAGAGTAGTCAGAAGTCCTAACCACAGACTTTAAAACGAAGCTCTAGGACGGAAATGCAAGCCACTTTTCAGAAAATAACAGAGCCCCGAATAATAGTCAAGGTACTGTACAAGAACCCCATACCGTATTCACAAAATAATGTCTACGAGAAGGGAACGGGGACTGCAGCCCT
10.0% - #1_100.0% - #3,CAAAAGACTCCTGGGCTCACCTGTTAGCGCTGGCCCAGCCCAGGCCTTGGGACCTGGGGGTTGGTGATTTGGGGGACAGTGCTACACTCGTCTCCACTGTTTGTTTTACTTCCCCAAAATGGACCTTTTTTTTTTCTAAAGAGTCCCAGAGAATGGGGAATTGTTCCTGTAAATATATATTTTTCAAAGTGACGCGAGAGGCATCACGCACTTTTTCTCTTACGTTGTCAGGACTAGCTGAGCGTGGCACGCATGACTGTGTGTGGAGGGTGTGAGGCAGAGGTCGATTGTGAGAGAAACGGTGTGATGGCGTGTGTGAGAAACAATAGTAGGGACTGCATATCGGTAACCATAGCAACGTCAGAGACGTGGAAAGCGAACATACGCGAAAAGAGCGAACAGAAGTAGTCACCACAGACTTTTAAGGGTCGCTCTATCAAGGAAATTCGCGCATAGTTTCAGAAAATAACTCAGCCCAGAGTAATAGTCAAGGTACTGTACAAGAACCCGAAACCGTAATCACAAAATAATGTCTACGAGAAGGGAACGGGGACTGCAGCCCT
25.0% - #1_10.0% - #1,CAAAAGACTCCTGGGCTCACCTGTTAGCGCTGGCCCAGCCCAGGCCTTGGGACCTGGGGGTTGGTGATTTGGGGGACAGTGCTACACTCGTCTCCACTGTTTGTTTTACTTCCCCAAAATGGACCTTTTTTTTTTCTAAAGAGTCCCAGAGAATGGGGAATTGTTCCTGTAAATATATATTTTTCAAAGTGAATCGCGAGGCGCCATGCACTTTTTCTCAGAATTCCTCAGGACTAGCTTAGCGGCGCACGCAGTACGTCTTCGAGAGGGTGTGAGGCAGAGGTCGATTGTGAGAGAAACGGTGTGATGGCGTGTGTGAGAAACAATAGTAGGGACTGCATATCGGTAACCATGTGTGTGTCAGAGACGTGGAAAGCTGTGATTGTGTGTGAGAGTGTGCAGAAGTTGTGACCACAGACTTTTGATGGTGTGTCTATGTGGGAAATTGTGGCTGTGTTTCAGAAAATAACTGAGCCTGGATGAATAGTCAAGGTACTGTACAAGAACCTGTGATGGTATGCACAAAATAATGTCTACGAGAAGGGAACGGGGACTGCAGCCCT
25.0% - #1_25.0% - #1,CAAAAGACTCCTGGGCTCACCTGTTAGCGCTGGCCCAGCCCAGGCCTTGGGACCTGGGGGTTGGTGATTTGGGGGACAGTGCTACACTCGTCTCCACTGTTTGTTTTACTTCCCCAAAATGGACCTTTTTTTTTTCTAAAGAGTCCCAGAGAATGGGGAATTGTTCCTGTAAATATATATTTTTCAAAGTGAATCGCGAGGCGCCATGCACTTTTTCTCAGAATTCCTCAGGACTAGCTTAGCGGCGCACGCAGTACGTCTTCGAGAGGGTGTGAGGCAGAGGTCGATTGTGAGAGAAACGGTGTGATGGCGTGTGTGAGAAACAATAGTAGGGACTGCATATCGGTAACCATGTGTGTGTCAGAGACGTGGAAAGCTGTGATTGTGTGTGAGAGTGTGCAGAAGTTGTGACCACAGACTTTTGATGGTGTGTCTATGTGGGAAATTGTGGCTGTGTTTCAGAAAATAACTGAGCCTGGATGAATAGTCAAGGTACTGTACAAGAACCTGTGATGGTATGCACAAAATAATGTCTACGAGAAGGGAACGGGGACTGCAGCCCT
25.0% - #1_50.0% - #1,CAAAAGACTCCTGGGCTCACCTGTTAGCGCTGGCCCAGCCCAGGCCTTGGGACCTGGGGGTTGGTGATTTGGGGGACAGTGCTACACTCGTCTCCACTGTTTGTTTTACTTCCCCAAAATGGACCTTTTTTTTTTCTAAAGAGTCCCAGAGAATGGGGAATTGTTCCTGTAAATATATATTTTTCAAAGTGAATCGCGAGGCGCCATGCACTTTTTCTCAGAATTCCTCAGGACTAGCTTAGCGGCGCACGCAGTACGTCTTCGAGAGGGTGTGAGGCAGAGGTCGATTGTGAGAGAAACGGTGTGATGGCGTGTGTGAGAAACAATAGTAGGGACTGCATATCGGTAACCATCTTCGGTTCAGAGACGTGGAAAGCTGTGATTGTGTGTGAGAGTGTGCAGAAGTTGTGACCACAGACTTTTGATGGTGTGTCTATGTGGGAAATTGTGGCTGTGTTTCAGAAAATAACTGAGCCTGGATGAATAGTCAAGGTACTGTACAAGAACCTGTGATGGTATGCACAAAATAATGTCTACGAGAAGGGAACGGGGACTGCAGCCCT
25.0% - #1_10.0% - #2,CAAAAGACTCCTGGGCTCACCTGTTAGCGCTGGCCCAGCCCAGGCCTTGGGACCTGGGGGTTGGTGATTTGGGGGACAGTGCTACACTCGTCTCCACTGTTTGTTTTACTTCCCCAAAATGGACCTTTTTTTTTTCTAAAGAGTCCCAGAGAATGGGGAATTGTTCCTGTAAATATATATTTTTCAAAGTGAATCGCGAGGCGCCATGCACTTTTTCTCAGAATTCCTCAGGACTAGCTTAGCGGCGCACGCAGTACGTCTTCGAGAGGGTGTGAGGCAGAGGTCGATTGTGAGAGAAACGGTGTGATGGCGTGTGTGAGAAACAATAGTAGGGACTGCATATCGGTAACCATGTGTGTGTCAGAGACGTGGAAAGCTGTGATTCTGTGTGAGAGTGTGCAGAAGTTGTGACCACAGACTTTTGATGGTGTGTCTATGTGGGAAATTGTGGCTGTGTTTCAGAAAATAACTGAGCCTGGATGAATAGTCAAGGTACTGTACAAGAACCTGTGATGGTATGCACAAAATAATGTCTACGAGAAGGGAACGGGGACTGCAGCCCT
25.0% - #1_10.0% - #3,CAAAAGACTCCTGGGCTCACCTGTTAGCGCTGGCCCAGCCCAGGCCTTGGGACCTGGGGGTTGGTGATTTGGGGGACAGTGCTACACTCGTCTCCACTGTTTGTTTTACTTCCCCAAAATGGACCTTTTTTTTTTCTAAAGAGTCCCAGAGAATGGGGAATTGTTCCTGTAAATATATATTTTTCAAAGTGAATCGCGAGGCGCCATGCACTTTTTCTCAGAATTCCTCAGGACTAGCTTAGCGGCGCACGCAGTACGTCTTCGAGAGGGTGTGAGGCAGAGGTCGATTGTGAGAGAAACGGTGTGATGGCGTGTGTGAGAAACAATAGTAGGGACTGCATATCGGTAACCATGTGAGTGTCAGAGACGTGGAAAGCTGTGATTGTGTGTGAGAGTGTGCAGAAGTAGTGACCACAGACTTTTGATGGTGTGTCTATGTGGGAAATTGTGGCTGTGTTTCAGAAAATAACTGAGCCTGGATGAATAGTCAAGGTACTGTACAAGAACCTGTGATGGTATGCACAAAATAATGTCTACGAGAAGGGAACGGGGACTGCAGCCCT
25.0% - #1_25.0% - #2,CAAAAGACTCCTGGGCTCACCTGTTAGCGCTGGCCCAGCCCAGGCCTTGGGACCTGGGGGTTGGTGATTTGGGGGACAGTGCTACACTCGTCTCCACTGTTTGTTTTACTTCCCCAAAATGGACCTTTTTTTTTTCTAAAGAGTCCCAGAGAATGGGGAATTGTTCCTGTAAATATATATTTTTCAAAGTGAATCGCGAGGCGCCATGCACTTTTTCTCAGAATTCCTCAGGACTAGCTTAGCGGCGCACGCAGTACGTCTTCGAGAGGGTGTGAGGCAGAGGTCGATTGTGAGAGAAACGGTGTGATGGCGTGTGTGAGAAACAATAGTAGGGACTGCATATCGGTAACCATGTGTGGTTCAGAGACGTGGAAAGCTGTGATTGTGTGAGAGAGTGTGCAGAAGTTGCTACCACAGACTTTTGATGGTGTGTCTATGTGGGAAATCTTGGCTAGCTTTCAGAAAATAACCTAGCCTGGATGAATAGTCAAGGTACTGTACAAGAACCTGCTATGGTATGCACAAAATAATGTCTACGAGAAGGGAACGGGGACTGCAGCCCT
25.0% - #1_25.0% - #3,CAAAAGACTCCTGGGCTCACCTGTTAGCGCTGGCCCAGCCCAGGCCTTGGGACCTGGGGGTTGGTGATTTGGGGGACAGTGCTACACTCGTCTCCACTGTTTGTTTTACTTCCCCAAAATGGACCTTTTTTTTTTCTAAAGAGTCCCAGAGAATGGGGAATTGTTCCTGTAAATATATATTTTTCAAAGTGAATCGCGAGGCGCCATGCACTTTTTCTCAGAATTCCTCAGGACTAGCTTAGCGGCGCACGCAGTACGTCTTCGAGAGGGTGTGAGGCAGAGGTCGATTGTGAGAGAAACGGTGTGATGGCGTGTGTGAGAAACAATAGTAGGGACTGCATATCGGTAACCATACACACCTCAGAGACGTGGAAAGCTGTGATTGTGTGTGAGAGTGTGCAGAAGTTGTGACCACAGACTTTGCATAGTGTGTCTATGTGGGAAATTCCGGCTATGTTTCAGAAAATAACTGAGCCGAGACTAATAGTCAAGGTACTGTACAAGAACCTGTGATGGTATGCACAAAATAATGTCTACGAGAAGGGAACGGGGACTGCAGCCCT
25.0% - #1_50.0% - #2,CAAAAGACTCCTGGGCTCACCTGTTAGCGCTGGCCCAGCCCAGGCCTTGGGACCTGGGGGTTGGTGATTTGGGGGACAGTGCTACACTCGTCTCCACTGTTTGTTTTACTTCCCCAAAATGGACCTTTTTTTTTTCTAAAGAGTCCCAGAGAATGGGGAATTGTTCCTGTAAATATATATTTTTCAAAGTGAATCGCGAGGCGCCATGCACTTTTTCTCAGAATTCCTCAGGACTAGCTTAGCGGCGCACGCAGTACGTCTTCGAGAGGGTGTGAGGCAGAGGTCGATTGTGAGAGAAACGGTGTGATGGCGTGTGTGAGAAACAATAGTAGGGACTGCATATCGGTAACCACACATGTGTCAGAGACGTGGAAAGCTATGATTGTGCCTGAGAGTGTGCAGAAGTTGTGACCACAGACTTTTGAGGGTGACTCTATAACGGAAATAGCAGCTAGGTTTCAGAAAATAACTGAGCCTGGATGAATAGTCAAGGTACTGTACAAGAACCTTAGAGGGTAGTCACAAAATAATGTCTACGAGAAGGGAACGGGGACTGCAGCCCT
25.0% - #1_50.0% - #3,CAAAAGACTCCTGGGCTCACCTGTTAGCGCTGGCCCAGCCCAGGCCTTGGGACCTGGGGGTTGGTGATTTGGGGGACAGTGCTACACTCGTCTCCACTGTTTGTTTTACTTCCCCAAAATGGACCTTTTTTTTTTCTAAAGAGTCCCAGAGAATGGGGAATTGTTCCTGTAAATATATATTTTTCAAAGTGAATCGCGAGGCGCCATGCACTTTTTCTCAGAATTCCTCAGGACTAGCTTAGCGGCGCACGCAGTACGTCTTCGAGAGGGTGTGAGGCAGAGGTCGATTGTGAGAGAAACGGTGTGATGGCGTGTGTGAGAAACAATAGTAGGGACTGCATATCGGTAACCATGTGTGTGTCAGAGACGTGGAAAGCCTTGATAGCGCACGAGAGTAAGCAGAAGTATACACCACAGACTTTCAACAGAGCATCTACACTGGAAATTGTGGCTGTGTTTCAGAAAATAACTGAGCCTGGATGAATAGTCAAGGTACTGTACAAGAACCAGGCATAGTATGCACAAAATAATGTCTACGAGAAGGGAACGGGGACTGCAGCCCT
25.0% - #1_100.0% - #1,CAAAAGACTCCTGGGCTCACCTGTTAGCGCTGGCCCAGCCCAGGCCTTGGGACCTGGGGGTTGGTGATTTGGGGGACAGTGCTACACTCGTCTCCACTGTTTGTTTTACTTCCCCAAAATGGACCTTTTTTTTTTCTAAAGAGTCCCAGAGAATGGGGAATTGTTCCTGTAAATATATATTTTTCAAAGTGAATCGCGAGGCGCCATGCACTTTTTCTCAGAATTCCTCAGGACTAGCTTAGCGGCGCACGCAGTACGTCTTCGAGAGGGTGTGAGGCAGAGGTCGATTGTGAGAGAAACGGTGTGATGGCGTGTGTGAGAAACAATAGTAGGGACTGCATATCGGTAACCAGAGGTTACTCAGAGACGTGGAAAGCCCATATCTAGAAGGAGAGAAGTCAGAAGTCGACACCACAGACTTTAGACCGCCCATCTATAATGGAAATTTCGGCACTCTTTCAGAAAATAACCCAGCCTAGAAGAATAGTCAAGGTACTGTACAAGAACCCACGAAAGTAGACACAAAATAATGTCTACGAGAAGGGAACGGGGACTGCAGCCCT
25.0% - #1_100.0% - #2,CAAAAGACTCCTGGGCTCACCTGTTAGCGCTGGCCCAGCCCAGGCCTTGGGACCTGGGGGTTGGTGATTTGGGGGACAGTGCTACACTCGTCTCCACTGTTTGTTTTACTTCCCCAAAATGGACCTTTTTTTTTTCTAAAGAGTCCCAGAGAATGGGGAATTGTTCCTGTAAATATATATTTTTCAAAGTGAATCGCGAGGCGCCATGCACTTTTTCTCAGAATTCCTCAGGACTAGCTTAGCGGCGCACGCAGTACGTCTTCGAGAGGGTGTGAGGCAGAGGTCGATTGTGAGAGAAACGGTGTGATGGCGTGTGTGAGAAACAATAGTAGGGACTGCATATCGGTAACCATTAGCCCTTCAGAGACGTGGAAAGCGAGTATCACCATCCAGAGTAGTCAGAAGTCCTAACCACAGACTTTAAAACGAAGCTCTAGGACGGAAATGCAAGCCACTTTTCAGAAAATAACAGAGCCCCGAATAATAGTCAAGGTACTGTACAAGAACCCCATACCGTATTCACAAAATAATGTCTACGAGAAGGGAACGGGGACTGCAGCCCT
25.0% - #1_100.0% - #3,CAAAAGACTCCTGGGCTCACCTGTTAGCGCTGGCCCAGCCCAGGCCTTGGGACCTGGGGGTTGGTGATTTGGGGGACAGTGCTACACTCGTCTCCACTGTTTGTTTTACTTCCCCAAAATGGACCTTTTTTTTTTCTAAAGAGTCCCAGAGAATGGGGAATTGTTCCTGTAAATATATATTTTTCAAAGTGAATCGCGAGGCGCCATGCACTTTTTCTCAGAATTCCTCAGGACTAGCTTAGCGGCGCACGCAGTACGTCTTCGAGAGGGTGTGAGGCAGAGGTCGATTGTGAGAGAAACGGTGTGATGGCGTGTGTGAGAAACAATAGTAGGGACTGCATATCGGTAACCATAGCAACGTCAGAGACGTGGAAAGCGAACATACGCGAAAAGAGCGAACAGAAGTAGTCACCACAGACTTTTAAGGGTCGCTCTATCAAGGAAATTCGCGCATAGTTTCAGAAAATAACTCAGCCCAGAGTAATAGTCAAGGTACTGTACAAGAACCCGAAACCGTAATCACAAAATAATGTCTACGAGAAGGGAACGGGGACTGCAGCCCT
50.0% - #1_10.0% - #1,CAAAAGACTCCTGGGCTCACCTGTTAGCGCTGGCCCAGCCCAGGCCTTGGGACCTGGGGGTTGGTGATTTGGGGGACAGTGCTACACTCGTCTCCACTGTTTGTTTTACTTCCCCAAAATGGACCTTTTTTTTTTCTAAAGAGTCCCAGAGAATGGGGAATTGTTCCTGTAAATATATATTTTTCAAAGTGAGACCAGAGGCCCCAAGCACTTTTTCTCGAACCTAATCAGGACTAGCGCAGCGAAGCACGCAATACGTACGGTCGAGGGCCTTAGGCAGAGGTCGATAGGAAGAGAAACGGACCCAAAGCGCTACACAGAAACAATAGTAGGGACTGCATATCGGTAACCATGTGTGTGTCAGAGACGTGGAAAGCTGTGATTGTGTGTGAGAGTGTGCAGAAGTTGTGACCACAGACTTTTGATGGTGTGTCTATGTGGGAAATTGTGGCTGTGTTTCAGAAAATAACTGAGCCTGGATGAATAGTCAAGGTACTGTACAAGAACCTGTGATGGTATGCACAAAATAATGTCTACGAGAAGGGAACGGGGACTGCAGCCCT
50.0% - #1_25.0% - #1,CAAAAGACTCCTGGGCTCACCTGTTAGCGCTGGCCCAGCCCAGGCCTTGGGACCTGGGGGTTGGTGATTTGGGGGACAGTGCTACACTCGTCTCCACTGTTTGTTTTACTTCCCCAAAATGGACCTTTTTTTTTTCTAAAGAGTCCCAGAGAATGGGGAATTGTTCCTGTAAATATATATTTTTCAAAGTGAGACCAGAGGCCCCAAGCACTTTTTCTCGAACCTAATCAGGACTAGCGCAGCGAAGCACGCAATACGTACGGTCGAGGGCCTTAGGCAGAGGTCGATAGGAAGAGAAACGGACCCAAAGCGCTACACAGAAACAATAGTAGGGACTGCATATCGGTAACCATGTGTGTGTCAGAGACGTGGAAAGCTGTGATTGTGTGTGAGAGTGTGCAGAAGTTGTGACCACAGACTTTTGATGGTGTGTCTATGTGGGAAATTGTGGCTGTGTTTCAGAAAATAACTGAGCCTGGATGAATAGTCAAGGTACTGTACAAGAACCTGTGATGGTATGCACAAAATAATGTCTACGAGAAGGGAACGGGGACTGCAGCCCT
50.0% - #1_50.0% - #1,CAAAAGACTCCTGGGCTCACCTGTTAGCGCTGGCCCAGCCCAGGCCTTGGGACCTGGGGGTTGGTGATTTGGGGGACAGTGCTACACTCGTCTCCACTGTTTGTTTTACTTCCCCAAAATGGACCTTTTTTTTTTCTAAAGAGTCCCAGAGAATGGGGAATTGTTCCTGTAAATATATATTTTTCAAAGTGAGACCAGAGGCCCCAAGCACTTTTTCTCGAACCTAATCAGGACTAGCGCAGCGAAGCACGCAATACGTACGGTCGAGGGCCTTAGGCAGAGGTCGATAGGAAGAGAAACGGACCCAAAGCGCTACACAGAAACAATAGTAGGGACTGCATATCGGTAACCATCTTCGGTTCAGAGACGTGGAAAGCTGTGATTGTGTGTGAGAGTGTGCAGAAGTTGTGACCACAGACTTTTGATGGTGTGTCTATGTGGGAAATTGTGGCTGTGTTTCAGAAAATAACTGAGCCTGGATGAATAGTCAAGGTACTGTACAAGAACCTGTGATGGTATGCACAAAATAATGTCTACGAGAAGGGAACGGGGACTGCAGCCCT
50.0% - #1_10.0% - #2,CAAAAGACTCCTGGGCTCACCTGTTAGCGCTGGCCCAGCCCAGGCCTTGGGACCTGGGGGTTGGTGATTTGGGGGACAGTGCTACACTCGTCTCCACTGTTTGTTTTACTTCCCCAAAATGGACCTTTTTTTTTTCTAAAGAGTCCCAGAGAATGGGGAATTGTTCCTGTAAATATATATTTTTCAAAGTGAGACCAGAGGCCCCAAGCACTTTTTCTCGAACCTAATCAGGACTAGCGCAGCGAAGCACGCAATACGTACGGTCGAGGGCCTTAGGCAGAGGTCGATAGGAAGAGAAACGGACCCAAAGCGCTACACAGAAACAATAGTAGGGACTGCATATCGGTAACCATGTGTGTGTCAGAGACGTGGAAAGCTGTGATTCTGTGTGAGAGTGTGCAGAAGTTGTGACCACAGACTTTTGATGGTGTGTCTATGTGGGAAATTGTGGCTGTGTTTCAGAAAATAACTGAGCCTGGATGAATAGTCAAGGTACTGTACAAGAACCTGTGATGGTATGCACAAAATAATGTCTACGAGAAGGGAACGGGGACTGCAGCCCT
50.0% - #1_10.0% - #3,CAAAAGACTCCTGGGCTCACCTGTTAGCGCTGGCCCAGCCCAGGCCTTGGGACCTGGGGGTTGGTGATTTGGGGGACAGTGCTACACTCGTCTCCACTGTTTGTTTTACTTCCCCAAAATGGACCTTTTTTTTTTCTAAAGAGTCCCAGAGAATGGGGAATTGTTCCTGTAAATATATATTTTTCAAAGTGAGACCAGAGGCCCCAAGCACTTTTTCTCGAACCTAATCAGGACTAGCGCAGCGAAGCACGCAATACGTACGGTCGAGGGCCTTAGGCAGAGGTCGATAGGAAGAGAAACGGACCCAAAGCGCTACACAGAAACAATAGTAGGGACTGCATATCGGTAACCATGTGAGTGTCAGAGACGTGGAAAGCTGTGATTGTGTGTGAGAGTGTGCAGAAGTAGTGACCACAGACTTTTGATGGTGTGTCTATGTGGGAAATTGTGGCTGTGTTTCAGAAAATAACTGAGCCTGGATGAATAGTCAAGGTACTGTACAAGAACCTGTGATGGTATGCACAAAATAATGTCTACGAGAAGGGAACGGGGACTGCAGCCCT
50.0% - #1_25.0% - #2,CAAAAGACTCCTGGGCTCACCTGTTAGCGCTGGCCCAGCCCAGGCCTTGGGACCTGGGGGTTGGTGATTTGGGGGACAGTGCTACACTCGTCTCCACTGTTTGTTTTACTTCCCCAAAATGGACCTTTTTTTTTTCTAAAGAGTCCCAGAGAATGGGGAATTGTTCCTGTAAATATATATTTTTCAAAGTGAGACCAGAGGCCCCAAGCACTTTTTCTCGAACCTAATCAGGACTAGCGCAGCGAAGCACGCAATACGTACGGTCGAGGGCCTTAGGCAGAGGTCGATAGGAAGAGAAACGGACCCAAAGCGCTACACAGAAACAATAGTAGGGACTGCATATCGGTAACCATGTGTGGTTCAGAGACGTGGAAAGCTGTGATTGTGTGAGAGAGTGTGCAGAAGTTGCTACCACAGACTTTTGATGGTGTGTCTATGTGGGAAATCTTGGCTAGCTTTCAGAAAATAACCTAGCCTGGATGAATAGTCAAGGTACTGTACAAGAACCTGCTATGGTATGCACAAAATAATGTCTACGAGAAGGGAACGGGGACTGCAGCCCT
50.0% - #1_25.0% - #3,CAAAAGACTCCTGGGCTCACCTGTTAGCGCTGGCCCAGCCCAGGCCTTGGGACCTGGGGGTTGGTGATTTGGGGGACAGTGCTACACTCGTCTCCACTGTTTGTTTTACTTCCCCAAAATGGACCTTTTTTTTTTCTAAAGAGTCCCAGAGAATGGGGAATTGTTCCTGTAAATATATATTTTTCAAAGTGAGACCAGAGGCCCCAAGCACTTTTTCTCGAACCTAATCAGGACTAGCGCAGCGAAGCACGCAATACGTACGGTCGAGGGCCTTAGGCAGAGGTCGATAGGAAGAGAAACGGACCCAAAGCGCTACACAGAAACAATAGTAGGGACTGCATATCGGTAACCATACACACCTCAGAGACGTGGAAAGCTGTGATTGTGTGTGAGAGTGTGCAGAAGTTGTGACCACAGACTTTGCATAGTGTGTCTATGTGGGAAATTCCGGCTATGTTTCAGAAAATAACTGAGCCGAGACTAATAGTCAAGGTACTGTACAAGAACCTGTGATGGTATGCACAAAATAATGTCTACGAGAAGGGAACGGGGACTGCAGCCCT
50.0% - #1_50.0% - #2,CAAAAGACTCCTGGGCTCACCTGTTAGCGCTGGCCCAGCCCAGGCCTTGGGACCTGGGGGTTGGTGATTTGGGGGACAGTGCTACACTCGTCTCCACTGTTTGTTTTACTTCCCCAAAATGGACCTTTTTTTTTTCTAAAGAGTCCCAGAGAATGGGGAATTGTTCCTGTAAATATATATTTTTCAAAGTGAGACCAGAGGCCCCAAGCACTTTTTCTCGAACCTAATCAGGACTAGCGCAGCGAAGCACGCAATACGTACGGTCGAGGGCCTTAGGCAGAGGTCGATAGGAAGAGAAACGGACCCAAAGCGCTACACAGAAACAATAGTAGGGACTGCATATCGGTAACCACACATGTGTCAGAGACGTGGAAAGCTATGATTGTGCCTGAGAGTGTGCAGAAGTTGTGACCACAGACTTTTGAGGGTGACTCTATAACGGAAATAGCAGCTAGGTTTCAGAAAATAACTGAGCCTGGATGAATAGTCAAGGTACTGTACAAGAACCTTAGAGGGTAGTCACAAAATAATGTCTACGAGAAGGGAACGGGGACTGCAGCCCT
50.0% - #1_50.0% - #3,CAAAAGACTCCTGGGCTCACCTGTTAGCGCTGGCCCAGCCCAGGCCTTGGGACCTGGGGGTTGGTGATTTGGGGGACAGTGCTACACTCGTCTCCACTGTTTGTTTTACTTCCCCAAAATGGACCTTTTTTTTTTCTAAAGAGTCCCAGAGAATGGGGAATTGTTCCTGTAAATATATATTTTTCAAAGTGAGACCAGAGGCCCCAAGCACTTTTTCTCGAACCTAATCAGGACTAGCGCAGCGAAGCACGCAATACGTACGGTCGAGGGCCTTAGGCAGAGGTCGATAGGAAGAGAAACGGACCCAAAGCGCTACACAGAAACAATAGTAGGGACTGCATATCGGTAACCATGTGTGTGTCAGAGACGTGGAAAGCCTTGATAGCGCACGAGAGTAAGCAGAAGTATACACCACAGACTTTCAACAGAGCATCTACACTGGAAATTGTGGCTGTGTTTCAGAAAATAACTGAGCCTGGATGAATAGTCAAGGTACTGTACAAGAACCAGGCATAGTATGCACAAAATAATGTCTACGAGAAGGGAACGGGGACTGCAGCCCT
50.0% - #1_100.0% - #1,CAAAAGACTCCTGGGCTCACCTGTTAGCGCTGGCCCAGCCCAGGCCTTGGGACCTGGGGGTTGGTGATTTGGGGGACAGTGCTACACTCGTCTCCACTGTTTGTTTTACTTCCCCAAAATGGACCTTTTTTTTTTCTAAAGAGTCCCAGAGAATGGGGAATTGTTCCTGTAAATATATATTTTTCAAAGTGAGACCAGAGGCCCCAAGCACTTTTTCTCGAACCTAATCAGGACTAGCGCAGCGAAGCACGCAATACGTACGGTCGAGGGCCTTAGGCAGAGGTCGATAGGAAGAGAAACGGACCCAAAGCGCTACACAGAAACAATAGTAGGGACTGCATATCGGTAACCAGAGGTTACTCAGAGACGTGGAAAGCCCATATCTAGAAGGAGAGAAGTCAGAAGTCGACACCACAGACTTTAGACCGCCCATCTATAATGGAAATTTCGGCACTCTTTCAGAAAATAACCCAGCCTAGAAGAATAGTCAAGGTACTGTACAAGAACCCACGAAAGTAGACACAAAATAATGTCTACGAGAAGGGAACGGGGACTGCAGCCCT
50.0% - #1_100.0% - #2,CAAAAGACTCCTGGGCTCACCTGTTAGCGCTGGCCCAGCCCAGGCCTTGGGACCTGGGGGTTGGTGATTTGGGGGACAGTGCTACACTCGTCTCCACTGTTTGTTTTACTTCCCCAAAATGGACCTTTTTTTTTTCTAAAGAGTCCCAGAGAATGGGGAATTGTTCCTGTAAATATATATTTTTCAAAGTGAGACCAGAGGCCCCAAGCACTTTTTCTCGAACCTAATCAGGACTAGCGCAGCGAAGCACGCAATACGTACGGTCGAGGGCCTTAGGCAGAGGTCGATAGGAAGAGAAACGGACCCAAAGCGCTACACAGAAACAATAGTAGGGACTGCATATCGGTAACCATTAGCCCTTCAGAGACGTGGAAAGCGAGTATCACCATCCAGAGTAGTCAGAAGTCCTAACCACAGACTTTAAAACGAAGCTCTAGGACGGAAATGCAAGCCACTTTTCAGAAAATAACAGAGCCCCGAATAATAGTCAAGGTACTGTACAAGAACCCCATACCGTATTCACAAAATAATGTCTACGAGAAGGGAACGGGGACTGCAGCCCT
50.0% - #1_100.0% - #3,CAAAAGACTCCTGGGCTCACCTGTTAGCGCTGGCCCAGCCCAGGCCTTGGGACCTGGGGGTTGGTGATTTGGGGGACAGTGCTACACTCGTCTCCACTGTTTGTTTTACTTCCCCAAAATGGACCTTTTTTTTTTCTAAAGAGTCCCAGAGAATGGGGAATTGTTCCTGTAAATATATATTTTTCAAAGTGAGACCAGAGGCCCCAAGCACTTTTTCTCGAACCTAATCAGGACTAGCGCAGCGAAGCACGCAATACGTACGGTCGAGGGCCTTAGGCAGAGGTCGATAGGAAGAGAAACGGACCCAAAGCGCTACACAGAAACAATAGTAGGGACTGCATATCGGTAACCATAGCAACGTCAGAGACGTGGAAAGCGAACATACGCGAAAAGAGCGAACAGAAGTAGTCACCACAGACTTTTAAGGGTCGCTCTATCAAGGAAATTCGCGCATAGTTTCAGAAAATAACTCAGCCCAGAGTAATAGTCAAGGTACTGTACAAGAACCCGAAACCGTAATCACAAAATAATGTCTACGAGAAGGGAACGGGGACTGCAGCCCT
10.0% - #2_10.0% - #1,CAAAAGACTCCTGGGCTCACCTGTTAGCGCTGGCCCAGCCCAGGCCTTGGGACCTGGGGGTTGGTGATTTGGGGGACAGTGCTACACTCGTCTCCACTGTTTGTTTTACTTCCCCAAAATGGACCTTTTTTTTTTCTAAAGAGTCCCAGAGAATGGGGAATTGTTCCTGTAAATATATATTTTTCAAAGTGATGCAGGAGGCTGCTGGCACTTTTTCTCTGATGTTGTCAGGACTAGCTGAGCGTGGCACGCATGACTGTGTTTGGAGGGGCTGAGGCAGAGGTCGATCTTGAGAGAAACGGTGTGATGGCGTGTGTCAGAAACAATAGTAGGGACTGCATATCGGTAACCATGTGTGTGTCAGAGACGTGGAAAGCTGTGATTGTGTGTGAGAGTGTGCAGAAGTTGTGACCACAGACTTTTGATGGTGTGTCTATGTGGGAAATTGTGGCTGTGTTTCAGAAAATAACTGAGCCTGGATGAATAGTCAAGGTACTGTACAAGAACCTGTGATGGTATGCACAAAATAATGTCTACGAGAAGGGAACGGGGACTGCAGCCCT
10.0% - #2_25.0% - #1,CAAAAGACTCCTGGGCTCACCTGTTAGCGCTGGCCCAGCCCAGGCCTTGGGACCTGGGGGTTGGTGATTTGGGGGACAGTGCTACACTCGTCTCCACTGTTTGTTTTACTTCCCCAAAATGGACCTTTTTTTTTTCTAAAGAGTCCCAGAGAATGGGGAATTGTTCCTGTAAATATATATTTTTCAAAGTGATGCAGGAGGCTGCTGGCACTTTTTCTCTGATGTTGTCAGGACTAGCTGAGCGTGGCACGCATGACTGTGTTTGGAGGGGCTGAGGCAGAGGTCGATCTTGAGAGAAACGGTGTGATGGCGTGTGTCAGAAACAATAGTAGGGACTGCATATCGGTAACCATGTGTGTGTCAGAGACGTGGAAAGCTGTGATTGTGTGTGAGAGTGTGCAGAAGTTGTGACCACAGACTTTTGATGGTGTGTCTATGTGGGAAATTGTGGCTGTGTTTCAGAAAATAACTGAGCCTGGATGAATAGTCAAGGTACTGTACAAGAACCTGTGATGGTATGCACAAAATAATGTCTACGAGAAGGGAACGGGGACTGCAGCCCT
10.0% - #2_50.0% - #1,CAAAAGACTCCTGGGCTCACCTGTTAGCGCTGGCCCAGCCCAGGCCTTGGGACCTGGGGGTTGGTGATTTGGGGGACAGTGCTACACTCGTCTCCACTGTTTGTTTTACTTCCCCAAAATGGACCTTTTTTTTTTCTAAAGAGTCCCAGAGAATGGGGAATTGTTCCTGTAAATATATATTTTTCAAAGTGATGCAGGAGGCTGCTGGCACTTTTTCTCTGATGTTGTCAGGACTAGCTGAGCGTGGCACGCATGACTGTGTTTGGAGGGGCTGAGGCAGAGGTCGATCTTGAGAGAAACGGTGTGATGGCGTGTGTCAGAAACAATAGTAGGGACTGCATATCGGTAACCATCTTCGGTTCAGAGACGTGGAAAGCTGTGATTGTGTGTGAGAGTGTGCAGAAGTTGTGACCACAGACTTTTGATGGTGTGTCTATGTGGGAAATTGTGGCTGTGTTTCAGAAAATAACTGAGCCTGGATGAATAGTCAAGGTACTGTACAAGAACCTGTGATGGTATGCACAAAATAATGTCTACGAGAAGGGAACGGGGACTGCAGCCCT
10.0% - #2_10.0% - #2,CAAAAGACTCCTGGGCTCACCTGTTAGCGCTGGCCCAGCCCAGGCCTTGGGACCTGGGGGTTGGTGATTTGGGGGACAGTGCTACACTCGTCTCCACTGTTTGTTTTACTTCCCCAAAATGGACCTTTTTTTTTTCTAAAGAGTCCCAGAGAATGGGGAATTGTTCCTGTAAATATATATTTTTCAAAGTGATGCAGGAGGCTGCTGGCACTTTTTCTCTGATGTTGTCAGGACTAGCTGAGCGTGGCACGCATGACTGTGTTTGGAGGGGCTGAGGCAGAGGTCGATCTTGAGAGAAACGGTGTGATGGCGTGTGTCAGAAACAATAGTAGGGACTGCATATCGGTAACCATGTGTGTGTCAGAGACGTGGAAAGCTGTGATTCTGTGTGAGAGTGTGCAGAAGTTGTGACCACAGACTTTTGATGGTGTGTCTATGTGGGAAATTGTGGCTGTGTTTCAGAAAATAACTGAGCCTGGATGAATAGTCAAGGTACTGTACAAGAACCTGTGATGGTATGCACAAAATAATGTCTACGAGAAGGGAACGGGGACTGCAGCCCT
10.0% - #2_10.0% - #3,CAAAAGACTCCTGGGCTCACCTGTTAGCGCTGGCCCAGCCCAGGCCTTGGGACCTGGGGGTTGGTGATTTGGGGGACAGTGCTACACTCGTCTCCACTGTTTGTTTTACTTCCCCAAAATGGACCTTTTTTTTTTCTAAAGAGTCCCAGAGAATGGGGAATTGTTCCTGTAAATATATATTTTTCAAAGTGATGCAGGAGGCTGCTGGCACTTTTTCTCTGATGTTGTCAGGACTAGCTGAGCGTGGCACGCATGACTGTGTTTGGAGGGGCTGAGGCAGAGGTCGATCTTGAGAGAAACGGTGTGATGGCGTGTGTCAGAAACAATAGTAGGGACTGCATATCGGTAACCATGTGAGTGTCAGAGACGTGGAAAGCTGTGATTGTGTGTGAGAGTGTGCAGAAGTAGTGACCACAGACTTTTGATGGTGTGTCTATGTGGGAAATTGTGGCTGTGTTTCAGAAAATAACTGAGCCTGGATGAATAGTCAAGGTACTGTACAAGAACCTGTGATGGTATGCACAAAATAATGTCTACGAGAAGGGAACGGGGACTGCAGCCCT
10.0% - #2_25.0% - #2,CAAAAGACTCCTGGGCTCACCTGTTAGCGCTGGCCCAGCCCAGGCCTTGGGACCTGGGGGTTGGTGATTTGGGGGACAGTGCTACACTCGTCTCCACTGTTTGTTTTACTTCCCCAAAATGGACCTTTTTTTTTTCTAAAGAGTCCCAGAGAATGGGGAATTGTTCCTGTAAATATATATTTTTCAAAGTGATGCAGGAGGCTGCTGGCACTTTTTCTCTGATGTTGTCAGGACTAGCTGAGCGTGGCACGCATGACTGTGTTTGGAGGGGCTGAGGCAGAGGTCGATCTTGAGAGAAACGGTGTGATGGCGTGTGTCAGAAACAATAGTAGGGACTGCATATCGGTAACCATGTGTGGTTCAGAGACGTGGAAAGCTGTGATTGTGTGAGAGAGTGTGCAGAAGTTGCTACCACAGACTTTTGATGGTGTGTCTATGTGGGAAATCTTGGCTAGCTTTCAGAAAATAACCTAGCCTGGATGAATAGTCAAGGTACTGTACAAGAACCTGCTATGGTATGCACAAAATAATGTCTACGAGAAGGGAACGGGGACTGCAGCCCT
10.0% - #2_25.0% - #3,CAAAAGACTCCTGGGCTCACCTGTTAGCGCTGGCCCAGCCCAGGCCTTGGGACCTGGGGGTTGGTGATTTGGGGGACAGTGCTACACTCGTCTCCACTGTTTGTTTTACTTCCCCAAAATGGACCTTTTTTTTTTCTAAAGAGTCCCAGAGAATGGGGAATTGTTCCTGTAAATATATATTTTTCAAAGTGATGCAGGAGGCTGCTGGCACTTTTTCTCTGATGTTGTCAGGACTAGCTGAGCGTGGCACGCATGACTGTGTTTGGAGGGGCTGAGGCAGAGGTCGATCTTGAGAGAAACGGTGTGATGGCGTGTGTCAGAAACAATAGTAGGGACTGCATATCGGTAACCATACACACCTCAGAGACGTGGAAAGCTGTGATTGTGTGTGAGAGTGTGCAGAAGTTGTGACCACAGACTTTGCATAGTGTGTCTATGTGGGAAATTCCGGCTATGTTTCAGAAAATAACTGAGCCGAGACTAATAGTCAAGGTACTGTACAAGAACCTGTGATGGTATGCACAAAATAATGTCTACGAGAAGGGAACGGGGACTGCAGCCCT
10.0% - #2_50.0% - #2,CAAAAGACTCCTGGGCTCACCTGTTAGCGCTGGCCCAGCCCAGGCCTTGGGACCTGGGGGTTGGTGATTTGGGGGACAGTGCTACACTCGTCTCCACTGTTTGTTTTACTTCCCCAAAATGGACCTTTTTTTTTTCTAAAGAGTCCCAGAGAATGGGGAATTGTTCCTGTAAATATATATTTTTCAAAGTGATGCAGGAGGCTGCTGGCACTTTTTCTCTGATGTTGTCAGGACTAGCTGAGCGTGGCACGCATGACTGTGTTTGGAGGGGCTGAGGCAGAGGTCGATCTTGAGAGAAACGGTGTGATGGCGTGTGTCAGAAACAATAGTAGGGACTGCATATCGGTAACCACACATGTGTCAGAGACGTGGAAAGCTATGATTGTGCCTGAGAGTGTGCAGAAGTTGTGACCACAGACTTTTGAGGGTGACTCTATAACGGAAATAGCAGCTAGGTTTCAGAAAATAACTGAGCCTGGATGAATAGTCAAGGTACTGTACAAGAACCTTAGAGGGTAGTCACAAAATAATGTCTACGAGAAGGGAACGGGGACTGCAGCCCT
10.0% - #2_50.0% - #3,CAAAAGACTCCTGGGCTCACCTGTTAGCGCTGGCCCAGCCCAGGCCTTGGGACCTGGGGGTTGGTGATTTGGGGGACAGTGCTACACTCGTCTCCACTGTTTGTTTTACTTCCCCAAAATGGACCTTTTTTTTTTCTAAAGAGTCCCAGAGAATGGGGAATTGTTCCTGTAAATATATATTTTTCAAAGTGATGCAGGAGGCTGCTGGCACTTTTTCTCTGATGTTGTCAGGACTAGCTGAGCGTGGCACGCATGACTGTGTTTGGAGGGGCTGAGGCAGAGGTCGATCTTGAGAGAAACGGTGTGATGGCGTGTGTCAGAAACAATAGTAGGGACTGCATATCGGTAACCATGTGTGTGTCAGAGACGTGGAAAGCCTTGATAGCGCACGAGAGTAAGCAGAAGTATACACCACAGACTTTCAACAGAGCATCTACACTGGAAATTGTGGCTGTGTTTCAGAAAATAACTGAGCCTGGATGAATAGTCAAGGTACTGTACAAGAACCAGGCATAGTATGCACAAAATAATGTCTACGAGAAGGGAACGGGGACTGCAGCCCT
10.0% - #2_100.0% - #1,CAAAAGACTCCTGGGCTCACCTGTTAGCGCTGGCCCAGCCCAGGCCTTGGGACCTGGGGGTTGGTGATTTGGGGGACAGTGCTACACTCGTCTCCACTGTTTGTTTTACTTCCCCAAAATGGACCTTTTTTTTTTCTAAAGAGTCCCAGAGAATGGGGAATTGTTCCTGTAAATATATATTTTTCAAAGTGATGCAGGAGGCTGCTGGCACTTTTTCTCTGATGTTGTCAGGACTAGCTGAGCGTGGCACGCATGACTGTGTTTGGAGGGGCTGAGGCAGAGGTCGATCTTGAGAGAAACGGTGTGATGGCGTGTGTCAGAAACAATAGTAGGGACTGCATATCGGTAACCAGAGGTTACTCAGAGACGTGGAAAGCCCATATCTAGAAGGAGAGAAGTCAGAAGTCGACACCACAGACTTTAGACCGCCCATCTATAATGGAAATTTCGGCACTCTTTCAGAAAATAACCCAGCCTAGAAGAATAGTCAAGGTACTGTACAAGAACCCACGAAAGTAGACACAAAATAATGTCTACGAGAAGGGAACGGGGACTGCAGCCCT
10.0% - #2_100.0% - #2,CAAAAGACTCCTGGGCTCACCTGTTAGCGCTGGCCCAGCCCAGGCCTTGGGACCTGGGGGTTGGTGATTTGGGGGACAGTGCTACACTCGTCTCCACTGTTTGTTTTACTTCCCCAAAATGGACCTTTTTTTTTTCTAAAGAGTCCCAGAGAATGGGGAATTGTTCCTGTAAATATATATTTTTCAAAGTGATGCAGGAGGCTGCTGGCACTTTTTCTCTGATGTTGTCAGGACTAGCTGAGCGTGGCACGCATGACTGTGTTTGGAGGGGCTGAGGCAGAGGTCGATCTTGAGAGAAACGGTGTGATGGCGTGTGTCAGAAACAATAGTAGGGACTGCATATCGGTAACCATTAGCCCTTCAGAGACGTGGAAAGCGAGTATCACCATCCAGAGTAGTCAGAAGTCCTAACCACAGACTTTAAAACGAAGCTCTAGGACGGAAATGCAAGCCACTTTTCAGAAAATAACAGAGCCCCGAATAATAGTCAAGGTACTGTACAAGAACCCCATACCGTATTCACAAAATAATGTCTACGAGAAGGGAACGGGGACTGCAGCCCT
10.0% - #2_100.0% - #3,CAAAAGACTCCTGGGCTCACCTGTTAGCGCTGGCCCAGCCCAGGCCTTGGGACCTGGGGGTTGGTGATTTGGGGGACAGTGCTACACTCGTCTCCACTGTTTGTTTTACTTCCCCAAAATGGACCTTTTTTTTTTCTAAAGAGTCCCAGAGAATGGGGAATTGTTCCTGTAAATATATATTTTTCAAAGTGATGCAGGAGGCTGCTGGCACTTTTTCTCTGATGTTGTCAGGACTAGCTGAGCGTGGCACGCATGACTGTGTTTGGAGGGGCTGAGGCAGAGGTCGATCTTGAGAGAAACGGTGTGATGGCGTGTGTCAGAAACAATAGTAGGGACTGCATATCGGTAACCATAGCAACGTCAGAGACGTGGAAAGCGAACATACGCGAAAAGAGCGAACAGAAGTAGTCACCACAGACTTTTAAGGGTCGCTCTATCAAGGAAATTCGCGCATAGTTTCAGAAAATAACTCAGCCCAGAGTAATAGTCAAGGTACTGTACAAGAACCCGAAACCGTAATCACAAAATAATGTCTACGAGAAGGGAACGGGGACTGCAGCCCT
10.0% - #3_10.0% - #1,CAAAAGACTCCTGGGCTCACCTGTTAGCGCTGGCCCAGCCCAGGCCTTGGGACCTGGGGGTTGGTGATTTGGGGGACAGTGCTACACTCGTCTCCACTGTTTGTTTTACTTCCCCAAAATGGACCTTTTTTTTTTCTAAAGAGTCCCAGAGAATGGGGAATTGTTCCTGTAAATATATATTTTTCAAAGTGATGCTGGAGGCTGCTGGCACTTTTTCTCTGATGTTGTCAGGACTAGCTGAGCGTGGCACGCATGACTGTGTGTGGAGGGTGTGAGGCAGAGGTCGATCTACAGAGAAACGGTGTGAGCGCGTTTGTGAGAAACAATAGTAGGGACTGCATATCGGTAACCATGTGTGTGTCAGAGACGTGGAAAGCTGTGATTGTGTGTGAGAGTGTGCAGAAGTTGTGACCACAGACTTTTGATGGTGTGTCTATGTGGGAAATTGTGGCTGTGTTTCAGAAAATAACTGAGCCTGGATGAATAGTCAAGGTACTGTACAAGAACCTGTGATGGTATGCACAAAATAATGTCTACGAGAAGGGAACGGGGACTGCAGCCCT
10.0% - #3_25.0% - #1,CAAAAGACTCCTGGGCTCACCTGTTAGCGCTGGCCCAGCCCAGGCCTTGGGACCTGGGGGTTGGTGATTTGGGGGACAGTGCTACACTCGTCTCCACTGTTTGTTTTACTTCCCCAAAATGGACCTTTTTTTTTTCTAAAGAGTCCCAGAGAATGGGGAATTGTTCCTGTAAATATATATTTTTCAAAGTGATGCTGGAGGCTGCTGGCACTTTTTCTCTGATGTTGTCAGGACTAGCTGAGCGTGGCACGCATGACTGTGTGTGGAGGGTGTGAGGCAGAGGTCGATCTACAGAGAAACGGTGTGAGCGCGTTTGTGAGAAACAATAGTAGGGACTGCATATCGGTAACCATGTGTGTGTCAGAGACGTGGAAAGCTGTGATTGTGTGTGAGAGTGTGCAGAAGTTGTGACCACAGACTTTTGATGGTGTGTCTATGTGGGAAATTGTGGCTGTGTTTCAGAAAATAACTGAGCCTGGATGAATAGTCAAGGTACTGTACAAGAACCTGTGATGGTATGCACAAAATAATGTCTACGAGAAGGGAACGGGGACTGCAGCCCT
10.0% - #3_50.0% - #1,CAAAAGACTCCTGGGCTCACCTGTTAGCGCTGGCCCAGCCCAGGCCTTGGGACCTGGGGGTTGGTGATTTGGGGGACAGTGCTACACTCGTCTCCACTGTTTGTTTTACTTCCCCAAAATGGACCTTTTTTTTTTCTAAAGAGTCCCAGAGAATGGGGAATTGTTCCTGTAAATATATATTTTTCAAAGTGATGCTGGAGGCTGCTGGCACTTTTTCTCTGATGTTGTCAGGACTAGCTGAGCGTGGCACGCATGACTGTGTGTGGAGGGTGTGAGGCAGAGGTCGATCTACAGAGAAACGGTGTGAGCGCGTTTGTGAGAAACAATAGTAGGGACTGCATATCGGTAACCATCTTCGGTTCAGAGACGTGGAAAGCTGTGATTGTGTGTGAGAGTGTGCAGAAGTTGTGACCACAGACTTTTGATGGTGTGTCTATGTGGGAAATTGTGGCTGTGTTTCAGAAAATAACTGAGCCTGGATGAATAGTCAAGGTACTGTACAAGAACCTGTGATGGTATGCACAAAATAATGTCTACGAGAAGGGAACGGGGACTGCAGCCCT
10.0% - #3_10.0% - #2,CAAAAGACTCCTGGGCTCACCTGTTAGCGCTGGCCCAGCCCAGGCCTTGGGACCTGGGGGTTGGTGATTTGGGGGACAGTGCTACACTCGTCTCCACTGTTTGTTTTACTTCCCCAAAATGGACCTTTTTTTTTTCTAAAGAGTCCCAGAGAATGGGGAATTGTTCCTGTAAATATATATTTTTCAAAGTGATGCTGGAGGCTGCTGGCACTTTTTCTCTGATGTTGTCAGGACTAGCTGAGCGTGGCACGCATGACTGTGTGTGGAGGGTGTGAGGCAGAGGTCGATCTACAGAGAAACGGTGTGAGCGCGTTTGTGAGAAACAATAGTAGGGACTGCATATCGGTAACCATGTGTGTGTCAGAGACGTGGAAAGCTGTGATTCTGTGTGAGAGTGTGCAGAAGTTGTGACCACAGACTTTTGATGGTGTGTCTATGTGGGAAATTGTGGCTGTGTTTCAGAAAATAACTGAGCCTGGATGAATAGTCAAGGTACTGTACAAGAACCTGTGATGGTATGCACAAAATAATGTCTACGAGAAGGGAACGGGGACTGCAGCCCT
10.0% - #3_10.0% - #3,CAAAAGACTCCTGGGCTCACCTGTTAGCGCTGGCCCAGCCCAGGCCTTGGGACCTGGGGGTTGGTGATTTGGGGGACAGTGCTACACTCGTCTCCACTGTTTGTTTTACTTCCCCAAAATGGACCTTTTTTTTTTCTAAAGAGTCCCAGAGAATGGGGAATTGTTCCTGTAAATATATATTTTTCAAAGTGATGCTGGAGGCTGCTGGCACTTTTTCTCTGATGTTGTCAGGACTAGCTGAGCGTGGCACGCATGACTGTGTGTGGAGGGTGTGAGGCAGAGGTCGATCTACAGAGAAACGGTGTGAGCGCGTTTGTGAGAAACAATAGTAGGGACTGCATATCGGTAACCATGTGAGTGTCAGAGACGTGGAAAGCTGTGATTGTGTGTGAGAGTGTGCAGAAGTAGTGACCACAGACTTTTGATGGTGTGTCTATGTGGGAAATTGTGGCTGTGTTTCAGAAAATAACTGAGCCTGGATGAATAGTCAAGGTACTGTACAAGAACCTGTGATGGTATGCACAAAATAATGTCTACGAGAAGGGAACGGGGACTGCAGCCCT
10.0% - #3_25.0% - #2,CAAAAGACTCCTGGGCTCACCTGTTAGCGCTGGCCCAGCCCAGGCCTTGGGACCTGGGGGTTGGTGATTTGGGGGACAGTGCTACACTCGTCTCCACTGTTTGTTTTACTTCCCCAAAATGGACCTTTTTTTTTTCTAAAGAGTCCCAGAGAATGGGGAATTGTTCCTGTAAATATATATTTTTCAAAGTGATGCTGGAGGCTGCTGGCACTTTTTCTCTGATGTTGTCAGGACTAGCTGAGCGTGGCACGCATGACTGTGTGTGGAGGGTGTGAGGCAGAGGTCGATCTACAGAGAAACGGTGTGAGCGCGTTTGTGAGAAACAATAGTAGGGACTGCATATCGGTAACCATGTGTGGTTCAGAGACGTGGAAAGCTGTGATTGTGTGAGAGAGTGTGCAGAAGTTGCTACCACAGACTTTTGATGGTGTGTCTATGTGGGAAATCTTGGCTAGCTTTCAGAAAATAACCTAGCCTGGATGAATAGTCAAGGTACTGTACAAGAACCTGCTATGGTATGCACAAAATAATGTCTACGAGAAGGGAACGGGGACTGCAGCCCT
10.0% - #3_25.0% - #3,CAAAAGACTCCTGGGCTCACCTGTTAGCGCTGGCCCAGCCCAGGCCTTGGGACCTGGGGGTTGGTGATTTGGGGGACAGTGCTACACTCGTCTCCACTGTTTGTTTTACTTCCCCAAAATGGACCTTTTTTTTTTCTAAAGAGTCCCAGAGAATGGGGAATTGTTCCTGTAAATATATATTTTTCAAAGTGATGCTGGAGGCTGCTGGCACTTTTTCTCTGATGTTGTCAGGACTAGCTGAGCGTGGCACGCATGACTGTGTGTGGAGGGTGTGAGGCAGAGGTCGATCTACAGAGAAACGGTGTGAGCGCGTTTGTGAGAAACAATAGTAGGGACTGCATATCGGTAACCATACACACCTCAGAGACGTGGAAAGCTGTGATTGTGTGTGAGAGTGTGCAGAAGTTGTGACCACAGACTTTGCATAGTGTGTCTATGTGGGAAATTCCGGCTATGTTTCAGAAAATAACTGAGCCGAGACTAATAGTCAAGGTACTGTACAAGAACCTGTGATGGTATGCACAAAATAATGTCTACGAGAAGGGAACGGGGACTGCAGCCCT
10.0% - #3_50.0% - #2,CAAAAGACTCCTGGGCTCACCTGTTAGCGCTGGCCCAGCCCAGGCCTTGGGACCTGGGGGTTGGTGATTTGGGGGACAGTGCTACACTCGTCTCCACTGTTTGTTTTACTTCCCCAAAATGGACCTTTTTTTTTTCTAAAGAGTCCCAGAGAATGGGGAATTGTTCCTGTAAATATATATTTTTCAAAGTGATGCTGGAGGCTGCTGGCACTTTTTCTCTGATGTTGTCAGGACTAGCTGAGCGTGGCACGCATGACTGTGTGTGGAGGGTGTGAGGCAGAGGTCGATCTACAGAGAAACGGTGTGAGCGCGTTTGTGAGAAACAATAGTAGGGACTGCATATCGGTAACCACACATGTGTCAGAGACGTGGAAAGCTATGATTGTGCCTGAGAGTGTGCAGAAGTTGTGACCACAGACTTTTGAGGGTGACTCTATAACGGAAATAGCAGCTAGGTTTCAGAAAATAACTGAGCCTGGATGAATAGTCAAGGTACTGTACAAGAACCTTAGAGGGTAGTCACAAAATAATGTCTACGAGAAGGGAACGGGGACTGCAGCCCT
10.0% - #3_50.0% - #3,CAAAAGACTCCTGGGCTCACCTGTTAGCGCTGGCCCAGCCCAGGCCTTGGGACCTGGGGGTTGGTGATTTGGGGGACAGTGCTACACTCGTCTCCACTGTTTGTTTTACTTCCCCAAAATGGACCTTTTTTTTTTCTAAAGAGTCCCAGAGAATGGGGAATTGTTCCTGTAAATATATATTTTTCAAAGTGATGCTGGAGGCTGCTGGCACTTTTTCTCTGATGTTGTCAGGACTAGCTGAGCGTGGCACGCATGACTGTGTGTGGAGGGTGTGAGGCAGAGGTCGATCTACAGAGAAACGGTGTGAGCGCGTTTGTGAGAAACAATAGTAGGGACTGCATATCGGTAACCATGTGTGTGTCAGAGACGTGGAAAGCCTTGATAGCGCACGAGAGTAAGCAGAAGTATACACCACAGACTTTCAACAGAGCATCTACACTGGAAATTGTGGCTGTGTTTCAGAAAATAACTGAGCCTGGATGAATAGTCAAGGTACTGTACAAGAACCAGGCATAGTATGCACAAAATAATGTCTACGAGAAGGGAACGGGGACTGCAGCCCT
10.0% - #3_100.0% - #1,CAAAAGACTCCTGGGCTCACCTGTTAGCGCTGGCCCAGCCCAGGCCTTGGGACCTGGGGGTTGGTGATTTGGGGGACAGTGCTACACTCGTCTCCACTGTTTGTTTTACTTCCCCAAAATGGACCTTTTTTTTTTCTAAAGAGTCCCAGAGAATGGGGAATTGTTCCTGTAAATATATATTTTTCAAAGTGATGCTGGAGGCTGCTGGCACTTTTTCTCTGATGTTGTCAGGACTAGCTGAGCGTGGCACGCATGACTGTGTGTGGAGGGTGTGAGGCAGAGGTCGATCTACAGAGAAACGGTGTGAGCGCGTTTGTGAGAAACAATAGTAGGGACTGCATATCGGTAACCAGAGGTTACTCAGAGACGTGGAAAGCCCATATCTAGAAGGAGAGAAGTCAGAAGTCGACACCACAGACTTTAGACCGCCCATCTATAATGGAAATTTCGGCACTCTTTCAGAAAATAACCCAGCCTAGAAGAATAGTCAAGGTACTGTACAAGAACCCACGAAAGTAGACACAAAATAATGTCTACGAGAAGGGAACGGGGACTGCAGCCCT
10.0% - #3_100.0% - #2,CAAAAGACTCCTGGGCTCACCTGTTAGCGCTGGCCCAGCCCAGGCCTTGGGACCTGGGGGTTGGTGATTTGGGGGACAGTGCTACACTCGTCTCCACTGTTTGTTTTACTTCCCCAAAATGGACCTTTTTTTTTTCTAAAGAGTCCCAGAGAATGGGGAATTGTTCCTGTAAATATATATTTTTCAAAGTGATGCTGGAGGCTGCTGGCACTTTTTCTCTGATGTTGTCAGGACTAGCTGAGCGTGGCACGCATGACTGTGTGTGGAGGGTGTGAGGCAGAGGTCGATCTACAGAGAAACGGTGTGAGCGCGTTTGTGAGAAACAATAGTAGGGACTGCATATCGGTAACCATTAGCCCTTCAGAGACGTGGAAAGCGAGTATCACCATCCAGAGTAGTCAGAAGTCCTAACCACAGACTTTAAAACGAAGCTCTAGGACGGAAATGCAAGCCACTTTTCAGAAAATAACAGAGCCCCGAATAATAGTCAAGGTACTGTACAAGAACCCCATACCGTATTCACAAAATAATGTCTACGAGAAGGGAACGGGGACTGCAGCCCT
10.0% - #3_100.0% - #3,CAAAAGACTCCTGGGCTCACCTGTTAGCGCTGGCCCAGCCCAGGCCTTGGGACCTGGGGGTTGGTGATTTGGGGGACAGTGCTACACTCGTCTCCACTGTTTGTTTTACTTCCCCAAAATGGACCTTTTTTTTTTCTAAAGAGTCCCAGAGAATGGGGAATTGTTCCTGTAAATATATATTTTTCAAAGTGATGCTGGAGGCTGCTGGCACTTTTTCTCTGATGTTGTCAGGACTAGCTGAGCGTGGCACGCATGACTGTGTGTGGAGGGTGTGAGGCAGAGGTCGATCTACAGAGAAACGGTGTGAGCGCGTTTGTGAGAAACAATAGTAGGGACTGCATATCGGTAACCATAGCAACGTCAGAGACGTGGAAAGCGAACATACGCGAAAAGAGCGAACAGAAGTAGTCACCACAGACTTTTAAGGGTCGCTCTATCAAGGAAATTCGCGCATAGTTTCAGAAAATAACTCAGCCCAGAGTAATAGTCAAGGTACTGTACAAGAACCCGAAACCGTAATCACAAAATAATGTCTACGAGAAGGGAACGGGGACTGCAGCCCT
25.0% - #2_10.0% - #1,CAAAAGACTCCTGGGCTCACCTGTTAGCGCTGGCCCAGCCCAGGCCTTGGGACCTGGGGGTTGGTGATTTGGGGGACAGTGCTACACTCGTCTCCACTGTTTGTTTTACTTCCCCAAAATGGACCTTTTTTTTTTCTAAAGAGTCCCAGAGAATGGGGAATTGTTCCTGTAAATATATATTTTTCAAAGTGATGCTGGAGGCCCCTAGCACTTTTTCTCTGATGTACTCAGGACTAGCTGAGCGTGGCACGCATGACTGTGTGTGGAGGGTGTGAGGCAGAGGTCGATACAGAGAGAAACGGTGTGATGGCGTGTGTCAGAAACAATAGTAGGGACTGCATATCGGTAACCATGTGTGTGTCAGAGACGTGGAAAGCTGTGATTGTGTGTGAGAGTGTGCAGAAGTTGTGACCACAGACTTTTGATGGTGTGTCTATGTGGGAAATTGTGGCTGTGTTTCAGAAAATAACTGAGCCTGGATGAATAGTCAAGGTACTGTACAAGAACCTGTGATGGTATGCACAAAATAATGTCTACGAGAAGGGAACGGGGACTGCAGCCCT
25.0% - #2_25.0% - #1,CAAAAGACTCCTGGGCTCACCTGTTAGCGCTGGCCCAGCCCAGGCCTTGGGACCTGGGGGTTGGTGATTTGGGGGACAGTGCTACACTCGTCTCCACTGTTTGTTTTACTTCCCCAAAATGGACCTTTTTTTTTTCTAAAGAGTCCCAGAGAATGGGGAATTGTTCCTGTAAATATATATTTTTCAAAGTGATGCTGGAGGCCCCTAGCACTTTTTCTCTGATGTACTCAGGACTAGCTGAGCGTGGCACGCATGACTGTGTGTGGAGGGTGTGAGGCAGAGGTCGATACAGAGAGAAACGGTGTGATGGCGTGTGTCAGAAACAATAGTAGGGACTGCATATCGGTAACCATGTGTGTGTCAGAGACGTGGAAAGCTGTGATTGTGTGTGAGAGTGTGCAGAAGTTGTGACCACAGACTTTTGATGGTGTGTCTATGTGGGAAATTGTGGCTGTGTTTCAGAAAATAACTGAGCCTGGATGAATAGTCAAGGTACTGTACAAGAACCTGTGATGGTATGCACAAAATAATGTCTACGAGAAGGGAACGGGGACTGCAGCCCT
25.0% - #2_50.0% - #1,CAAAAGACTCCTGGGCTCACCTGTTAGCGCTGGCCCAGCCCAGGCCTTGGGACCTGGGGGTTGGTGATTTGGGGGACAGTGCTACACTCGTCTCCACTGTTTGTTTTACTTCCCCAAAATGGACCTTTTTTTTTTCTAAAGAGTCCCAGAGAATGGGGAATTGTTCCTGTAAATATATATTTTTCAAAGTGATGCTGGAGGCCCCTAGCACTTTTTCTCTGATGTACTCAGGACTAGCTGAGCGTGGCACGCATGACTGTGTGTGGAGGGTGTGAGGCAGAGGTCGATACAGAGAGAAACGGTGTGATGGCGTGTGTCAGAAACAATAGTAGGGACTGCATATCGGTAACCATCTTCGGTTCAGAGACGTGGAAAGCTGTGATTGTGTGTGAGAGTGTGCAGAAGTTGTGACCACAGACTTTTGATGGTGTGTCTATGTGGGAAATTGTGGCTGTGTTTCAGAAAATAACTGAGCCTGGATGAATAGTCAAGGTACTGTACAAGAACCTGTGATGGTATGCACAAAATAATGTCTACGAGAAGGGAACGGGGACTGCAGCCCT
25.0% - #2_10.0% - #2,CAAAAGACTCCTGGGCTCACCTGTTAGCGCTGGCCCAGCCCAGGCCTTGGGACCTGGGGGTTGGTGATTTGGGGGACAGTGCTACACTCGTCTCCACTGTTTGTTTTACTTCCCCAAAATGGACCTTTTTTTTTTCTAAAGAGTCCCAGAGAATGGGGAATTGTTCCTGTAAATATATATTTTTCAAAGTGATGCTGGAGGCCCCTAGCACTTTTTCTCTGATGTACTCAGGACTAGCTGAGCGTGGCACGCATGACTGTGTGTGGAGGGTGTGAGGCAGAGGTCGATACAGAGAGAAACGGTGTGATGGCGTGTGTCAGAAACAATAGTAGGGACTGCATATCGGTAACCATGTGTGTGTCAGAGACGTGGAAAGCTGTGATTCTGTGTGAGAGTGTGCAGAAGTTGTGACCACAGACTTTTGATGGTGTGTCTATGTGGGAAATTGTGGCTGTGTTTCAGAAAATAACTGAGCCTGGATGAATAGTCAAGGTACTGTACAAGAACCTGTGATGGTATGCACAAAATAATGTCTACGAGAAGGGAACGGGGACTGCAGCCCT
25.0% - #2_10.0% - #3,CAAAAGACTCCTGGGCTCACCTGTTAGCGCTGGCCCAGCCCAGGCCTTGGGACCTGGGGGTTGGTGATTTGGGGGACAGTGCTACACTCGTCTCCACTGTTTGTTTTACTTCCCCAAAATGGACCTTTTTTTTTTCTAAAGAGTCCCAGAGAATGGGGAATTGTTCCTGTAAATATATATTTTTCAAAGTGATGCTGGAGGCCCCTAGCACTTTTTCTCTGATGTACTCAGGACTAGCTGAGCGTGGCACGCATGACTGTGTGTGGAGGGTGTGAGGCAGAGGTCGATACAGAGAGAAACGGTGTGATGGCGTGTGTCAGAAACAATAGTAGGGACTGCATATCGGTAACCATGTGAGTGTCAGAGACGTGGAAAGCTGTGATTGTGTGTGAGAGTGTGCAGAAGTAGTGACCACAGACTTTTGATGGTGTGTCTATGTGGGAAATTGTGGCTGTGTTTCAGAAAATAACTGAGCCTGGATGAATAGTCAAGGTACTGTACAAGAACCTGTGATGGTATGCACAAAATAATGTCTACGAGAAGGGAACGGGGACTGCAGCCCT
25.0% - #2_25.0% - #2,CAAAAGACTCCTGGGCTCACCTGTTAGCGCTGGCCCAGCCCAGGCCTTGGGACCTGGGGGTTGGTGATTTGGGGGACAGTGCTACACTCGTCTCCACTGTTTGTTTTACTTCCCCAAAATGGACCTTTTTTTTTTCTAAAGAGTCCCAGAGAATGGGGAATTGTTCCTGTAAATATATATTTTTCAAAGTGATGCTGGAGGCCCCTAGCACTTTTTCTCTGATGTACTCAGGACTAGCTGAGCGTGGCACGCATGACTGTGTGTGGAGGGTGTGAGGCAGAGGTCGATACAGAGAGAAACGGTGTGATGGCGTGTGTCAGAAACAATAGTAGGGACTGCATATCGGTAACCATGTGTGGTTCAGAGACGTGGAAAGCTGTGATTGTGTGAGAGAGTGTGCAGAAGTTGCTACCACAGACTTTTGATGGTGTGTCTATGTGGGAAATCTTGGCTAGCTTTCAGAAAATAACCTAGCCTGGATGAATAGTCAAGGTACTGTACAAGAACCTGCTATGGTATGCACAAAATAATGTCTACGAGAAGGGAACGGGGACTGCAGCCCT
25.0% - #2_25.0% - #3,CAAAAGACTCCTGGGCTCACCTGTTAGCGCTGGCCCAGCCCAGGCCTTGGGACCTGGGGGTTGGTGATTTGGGGGACAGTGCTACACTCGTCTCCACTGTTTGTTTTACTTCCCCAAAATGGACCTTTTTTTTTTCTAAAGAGTCCCAGAGAATGGGGAATTGTTCCTGTAAATATATATTTTTCAAAGTGATGCTGGAGGCCCCTAGCACTTTTTCTCTGATGTACTCAGGACTAGCTGAGCGTGGCACGCATGACTGTGTGTGGAGGGTGTGAGGCAGAGGTCGATACAGAGAGAAACGGTGTGATGGCGTGTGTCAGAAACAATAGTAGGGACTGCATATCGGTAACCATACACACCTCAGAGACGTGGAAAGCTGTGATTGTGTGTGAGAGTGTGCAGAAGTTGTGACCACAGACTTTGCATAGTGTGTCTATGTGGGAAATTCCGGCTATGTTTCAGAAAATAACTGAGCCGAGACTAATAGTCAAGGTACTGTACAAGAACCTGTGATGGTATGCACAAAATAATGTCTACGAGAAGGGAACGGGGACTGCAGCCCT
25.0% - #2_50.0% - #2,CAAAAGACTCCTGGGCTCACCTGTTAGCGCTGGCCCAGCCCAGGCCTTGGGACCTGGGGGTTGGTGATTTGGGGGACAGTGCTACACTCGTCTCCACTGTTTGTTTTACTTCCCCAAAATGGACCTTTTTTTTTTCTAAAGAGTCCCAGAGAATGGGGAATTGTTCCTGTAAATATATATTTTTCAAAGTGATGCTGGAGGCCCCTAGCACTTTTTCTCTGATGTACTCAGGACTAGCTGAGCGTGGCACGCATGACTGTGTGTGGAGGGTGTGAGGCAGAGGTCGATACAGAGAGAAACGGTGTGATGGCGTGTGTCAGAAACAATAGTAGGGACTGCATATCGGTAACCACACATGTGTCAGAGACGTGGAAAGCTATGATTGTGCCTGAGAGTGTGCAGAAGTTGTGACCACAGACTTTTGAGGGTGACTCTATAACGGAAATAGCAGCTAGGTTTCAGAAAATAACTGAGCCTGGATGAATAGTCAAGGTACTGTACAAGAACCTTAGAGGGTAGTCACAAAATAATGTCTACGAGAAGGGAACGGGGACTGCAGCCCT
25.0% - #2_50.0% - #3,CAAAAGACTCCTGGGCTCACCTGTTAGCGCTGGCCCAGCCCAGGCCTTGGGACCTGGGGGTTGGTGATTTGGGGGACAGTGCTACACTCGTCTCCACTGTTTGTTTTACTTCCCCAAAATGGACCTTTTTTTTTTCTAAAGAGTCCCAGAGAATGGGGAATTGTTCCTGTAAATATATATTTTTCAAAGTGATGCTGGAGGCCCCTAGCACTTTTTCTCTGATGTACTCAGGACTAGCTGAGCGTGGCACGCATGACTGTGTGTGGAGGGTGTGAGGCAGAGGTCGATACAGAGAGAAACGGTGTGATGGCGTGTGTCAGAAACAATAGTAGGGACTGCATATCGGTAACCATGTGTGTGTCAGAGACGTGGAAAGCCTTGATAGCGCACGAGAGTAAGCAGAAGTATACACCACAGACTTTCAACAGAGCATCTACACTGGAAATTGTGGCTGTGTTTCAGAAAATAACTGAGCCTGGATGAATAGTCAAGGTACTGTACAAGAACCAGGCATAGTATGCACAAAATAATGTCTACGAGAAGGGAACGGGGACTGCAGCCCT
25.0% - #2_100.0% - #1,CAAAAGACTCCTGGGCTCACCTGTTAGCGCTGGCCCAGCCCAGGCCTTGGGACCTGGGGGTTGGTGATTTGGGGGACAGTGCTACACTCGTCTCCACTGTTTGTTTTACTTCCCCAAAATGGACCTTTTTTTTTTCTAAAGAGTCCCAGAGAATGGGGAATTGTTCCTGTAAATATATATTTTTCAAAGTGATGCTGGAGGCCCCTAGCACTTTTTCTCTGATGTACTCAGGACTAGCTGAGCGTGGCACGCATGACTGTGTGTGGAGGGTGTGAGGCAGAGGTCGATACAGAGAGAAACGGTGTGATGGCGTGTGTCAGAAACAATAGTAGGGACTGCATATCGGTAACCAGAGGTTACTCAGAGACGTGGAAAGCCCATATCTAGAAGGAGAGAAGTCAGAAGTCGACACCACAGACTTTAGACCGCCCATCTATAATGGAAATTTCGGCACTCTTTCAGAAAATAACCCAGCCTAGAAGAATAGTCAAGGTACTGTACAAGAACCCACGAAAGTAGACACAAAATAATGTCTACGAGAAGGGAACGGGGACTGCAGCCCT
25.0% - #2_100.0% - #2,CAAAAGACTCCTGGGCTCACCTGTTAGCGCTGGCCCAGCCCAGGCCTTGGGACCTGGGGGTTGGTGATTTGGGGGACAGTGCTACACTCGTCTCCACTGTTTGTTTTACTTCCCCAAAATGGACCTTTTTTTTTTCTAAAGAGTCCCAGAGAATGGGGAATTGTTCCTGTAAATATATATTTTTCAAAGTGATGCTGGAGGCCCCTAGCACTTTTTCTCTGATGTACTCAGGACTAGCTGAGCGTGGCACGCATGACTGTGTGTGGAGGGTGTGAGGCAGAGGTCGATACAGAGAGAAACGGTGTGATGGCGTGTGTCAGAAACAATAGTAGGGACTGCATATCGGTAACCATTAGCCCTTCAGAGACGTGGAAAGCGAGTATCACCATCCAGAGTAGTCAGAAGTCCTAACCACAGACTTTAAAACGAAGCTCTAGGACGGAAATGCAAGCCACTTTTCAGAAAATAACAGAGCCCCGAATAATAGTCAAGGTACTGTACAAGAACCCCATACCGTATTCACAAAATAATGTCTACGAGAAGGGAACGGGGACTGCAGCCCT
25.0% - #2_100.0% - #3,CAAAAGACTCCTGGGCTCACCTGTTAGCGCTGGCCCAGCCCAGGCCTTGGGACCTGGGGGTTGGTGATTTGGGGGACAGTGCTACACTCGTCTCCACTGTTTGTTTTACTTCCCCAAAATGGACCTTTTTTTTTTCTAAAGAGTCCCAGAGAATGGGGAATTGTTCCTGTAAATATATATTTTTCAAAGTGATGCTGGAGGCCCCTAGCACTTTTTCTCTGATGTACTCAGGACTAGCTGAGCGTGGCACGCATGACTGTGTGTGGAGGGTGTGAGGCAGAGGTCGATACAGAGAGAAACGGTGTGATGGCGTGTGTCAGAAACAATAGTAGGGACTGCATATCGGTAACCATAGCAACGTCAGAGACGTGGAAAGCGAACATACGCGAAAAGAGCGAACAGAAGTAGTCACCACAGACTTTTAAGGGTCGCTCTATCAAGGAAATTCGCGCATAGTTTCAGAAAATAACTCAGCCCAGAGTAATAGTCAAGGTACTGTACAAGAACCCGAAACCGTAATCACAAAATAATGTCTACGAGAAGGGAACGGGGACTGCAGCCCT
25.0% - #3_10.0% - #1,CAAAAGACTCCTGGGCTCACCTGTTAGCGCTGGCCCAGCCCAGGCCTTGGGACCTGGGGGTTGGTGATTTGGGGGACAGTGCTACACTCGTCTCCACTGTTTGTTTTACTTCCCCAAAATGGACCTTTTTTTTTTCTAAAGAGTCCCAGAGAATGGGGAATTGTTCCTGTAAATATATATTTTTCAAAGTGATGCTGGAGGCTGCTGGCACTTTTTCTCTGATGTTCTCAGGACTAGCTGAGCGTGGCACGCATGACTGTGTGTGGAGGGTGTGAGGCAGAGGTCGATTCTGAGAGAAACGGTGTGAAGGCGTGTGTGAGAAACAATAGTAGGGACTGCATATCGGTAACCATGTGTGTGTCAGAGACGTGGAAAGCTGTGATTGTGTGTGAGAGTGTGCAGAAGTTGTGACCACAGACTTTTGATGGTGTGTCTATGTGGGAAATTGTGGCTGTGTTTCAGAAAATAACTGAGCCTGGATGAATAGTCAAGGTACTGTACAAGAACCTGTGATGGTATGCACAAAATAATGTCTACGAGAAGGGAACGGGGACTGCAGCCCT
25.0% - #3_25.0% - #1,CAAAAGACTCCTGGGCTCACCTGTTAGCGCTGGCCCAGCCCAGGCCTTGGGACCTGGGGGTTGGTGATTTGGGGGACAGTGCTACACTCGTCTCCACTGTTTGTTTTACTTCCCCAAAATGGACCTTTTTTTTTTCTAAAGAGTCCCAGAGAATGGGGAATTGTTCCTGTAAATATATATTTTTCAAAGTGATGCTGGAGGCTGCTGGCACTTTTTCTCTGATGTTCTCAGGACTAGCTGAGCGTGGCACGCATGACTGTGTGTGGAGGGTGTGAGGCAGAGGTCGATTCTGAGAGAAACGGTGTGAAGGCGTGTGTGAGAAACAATAGTAGGGACTGCATATCGGTAACCATGTGTGTGTCAGAGACGTGGAAAGCTGTGATTGTGTGTGAGAGTGTGCAGAAGTTGTGACCACAGACTTTTGATGGTGTGTCTATGTGGGAAATTGTGGCTGTGTTTCAGAAAATAACTGAGCCTGGATGAATAGTCAAGGTACTGTACAAGAACCTGTGATGGTATGCACAAAATAATGTCTACGAGAAGGGAACGGGGACTGCAGCCCT
25.0% - #3_50.0% - #1,CAAAAGACTCCTGGGCTCACCTGTTAGCGCTGGCCCAGCCCAGGCCTTGGGACCTGGGGGTTGGTGATTTGGGGGACAGTGCTACACTCGTCTCCACTGTTTGTTTTACTTCCCCAAAATGGACCTTTTTTTTTTCTAAAGAGTCCCAGAGAATGGGGAATTGTTCCTGTAAATATATATTTTTCAAAGTGATGCTGGAGGCTGCTGGCACTTTTTCTCTGATGTTCTCAGGACTAGCTGAGCGTGGCACGCATGACTGTGTGTGGAGGGTGTGAGGCAGAGGTCGATTCTGAGAGAAACGGTGTGAAGGCGTGTGTGAGAAACAATAGTAGGGACTGCATATCGGTAACCATCTTCGGTTCAGAGACGTGGAAAGCTGTGATTGTGTGTGAGAGTGTGCAGAAGTTGTGACCACAGACTTTTGATGGTGTGTCTATGTGGGAAATTGTGGCTGTGTTTCAGAAAATAACTGAGCCTGGATGAATAGTCAAGGTACTGTACAAGAACCTGTGATGGTATGCACAAAATAATGTCTACGAGAAGGGAACGGGGACTGCAGCCCT
25.0% - #3_10.0% - #2,CAAAAGACTCCTGGGCTCACCTGTTAGCGCTGGCCCAGCCCAGGCCTTGGGACCTGGGGGTTGGTGATTTGGGGGACAGTGCTACACTCGTCTCCACTGTTTGTTTTACTTCCCCAAAATGGACCTTTTTTTTTTCTAAAGAGTCCCAGAGAATGGGGAATTGTTCCTGTAAATATATATTTTTCAAAGTGATGCTGGAGGCTGCTGGCACTTTTTCTCTGATGTTCTCAGGACTAGCTGAGCGTGGCACGCATGACTGTGTGTGGAGGGTGTGAGGCAGAGGTCGATTCTGAGAGAAACGGTGTGAAGGCGTGTGTGAGAAACAATAGTAGGGACTGCATATCGGTAACCATGTGTGTGTCAGAGACGTGGAAAGCTGTGATTCTGTGTGAGAGTGTGCAGAAGTTGTGACCACAGACTTTTGATGGTGTGTCTATGTGGGAAATTGTGGCTGTGTTTCAGAAAATAACTGAGCCTGGATGAATAGTCAAGGTACTGTACAAGAACCTGTGATGGTATGCACAAAATAATGTCTACGAGAAGGGAACGGGGACTGCAGCCCT
25.0% - #3_10.0% - #3,CAAAAGACTCCTGGGCTCACCTGTTAGCGCTGGCCCAGCCCAGGCCTTGGGACCTGGGGGTTGGTGATTTGGGGGACAGTGCTACACTCGTCTCCACTGTTTGTTTTACTTCCCCAAAATGGACCTTTTTTTTTTCTAAAGAGTCCCAGAGAATGGGGAATTGTTCCTGTAAATATATATTTTTCAAAGTGATGCTGGAGGCTGCTGGCACTTTTTCTCTGATGTTCTCAGGACTAGCTGAGCGTGGCACGCATGACTGTGTGTGGAGGGTGTGAGGCAGAGGTCGATTCTGAGAGAAACGGTGTGAAGGCGTGTGTGAGAAACAATAGTAGGGACTGCATATCGGTAACCATGTGAGTGTCAGAGACGTGGAAAGCTGTGATTGTGTGTGAGAGTGTGCAGAAGTAGTGACCACAGACTTTTGATGGTGTGTCTATGTGGGAAATTGTGGCTGTGTTTCAGAAAATAACTGAGCCTGGATGAATAGTCAAGGTACTGTACAAGAACCTGTGATGGTATGCACAAAATAATGTCTACGAGAAGGGAACGGGGACTGCAGCCCT
25.0% - #3_25.0% - #2,CAAAAGACTCCTGGGCTCACCTGTTAGCGCTGGCCCAGCCCAGGCCTTGGGACCTGGGGGTTGGTGATTTGGGGGACAGTGCTACACTCGTCTCCACTGTTTGTTTTACTTCCCCAAAATGGACCTTTTTTTTTTCTAAAGAGTCCCAGAGAATGGGGAATTGTTCCTGTAAATATATATTTTTCAAAGTGATGCTGGAGGCTGCTGGCACTTTTTCTCTGATGTTCTCAGGACTAGCTGAGCGTGGCACGCATGACTGTGTGTGGAGGGTGTGAGGCAGAGGTCGATTCTGAGAGAAACGGTGTGAAGGCGTGTGTGAGAAACAATAGTAGGGACTGCATATCGGTAACCATGTGTGGTTCAGAGACGTGGAAAGCTGTGATTGTGTGAGAGAGTGTGCAGAAGTTGCTACCACAGACTTTTGATGGTGTGTCTATGTGGGAAATCTTGGCTAGCTTTCAGAAAATAACCTAGCCTGGATGAATAGTCAAGGTACTGTACAAGAACCTGCTATGGTATGCACAAAATAATGTCTACGAGAAGGGAACGGGGACTGCAGCCCT
25.0% - #3_25.0% - #3,CAAAAGACTCCTGGGCTCACCTGTTAGCGCTGGCCCAGCCCAGGCCTTGGGACCTGGGGGTTGGTGATTTGGGGGACAGTGCTACACTCGTCTCCACTGTTTGTTTTACTTCCCCAAAATGGACCTTTTTTTTTTCTAAAGAGTCCCAGAGAATGGGGAATTGTTCCTGTAAATATATATTTTTCAAAGTGATGCTGGAGGCTGCTGGCACTTTTTCTCTGATGTTCTCAGGACTAGCTGAGCGTGGCACGCATGACTGTGTGTGGAGGGTGTGAGGCAGAGGTCGATTCTGAGAGAAACGGTGTGAAGGCGTGTGTGAGAAACAATAGTAGGGACTGCATATCGGTAACCATACACACCTCAGAGACGTGGAAAGCTGTGATTGTGTGTGAGAGTGTGCAGAAGTTGTGACCACAGACTTTGCATAGTGTGTCTATGTGGGAAATTCCGGCTATGTTTCAGAAAATAACTGAGCCGAGACTAATAGTCAAGGTACTGTACAAGAACCTGTGATGGTATGCACAAAATAATGTCTACGAGAAGGGAACGGGGACTGCAGCCCT
25.0% - #3_50.0% - #2,CAAAAGACTCCTGGGCTCACCTGTTAGCGCTGGCCCAGCCCAGGCCTTGGGACCTGGGGGTTGGTGATTTGGGGGACAGTGCTACACTCGTCTCCACTGTTTGTTTTACTTCCCCAAAATGGACCTTTTTTTTTTCTAAAGAGTCCCAGAGAATGGGGAATTGTTCCTGTAAATATATATTTTTCAAAGTGATGCTGGAGGCTGCTGGCACTTTTTCTCTGATGTTCTCAGGACTAGCTGAGCGTGGCACGCATGACTGTGTGTGGAGGGTGTGAGGCAGAGGTCGATTCTGAGAGAAACGGTGTGAAGGCGTGTGTGAGAAACAATAGTAGGGACTGCATATCGGTAACCACACATGTGTCAGAGACGTGGAAAGCTATGATTGTGCCTGAGAGTGTGCAGAAGTTGTGACCACAGACTTTTGAGGGTGACTCTATAACGGAAATAGCAGCTAGGTTTCAGAAAATAACTGAGCCTGGATGAATAGTCAAGGTACTGTACAAGAACCTTAGAGGGTAGTCACAAAATAATGTCTACGAGAAGGGAACGGGGACTGCAGCCCT
25.0% - #3_50.0% - #3,CAAAAGACTCCTGGGCTCACCTGTTAGCGCTGGCCCAGCCCAGGCCTTGGGACCTGGGGGTTGGTGATTTGGGGGACAGTGCTACACTCGTCTCCACTGTTTGTTTTACTTCCCCAAAATGGACCTTTTTTTTTTCTAAAGAGTCCCAGAGAATGGGGAATTGTTCCTGTAAATATATATTTTTCAAAGTGATGCTGGAGGCTGCTGGCACTTTTTCTCTGATGTTCTCAGGACTAGCTGAGCGTGGCACGCATGACTGTGTGTGGAGGGTGTGAGGCAGAGGTCGATTCTGAGAGAAACGGTGTGAAGGCGTGTGTGAGAAACAATAGTAGGGACTGCATATCGGTAACCATGTGTGTGTCAGAGACGTGGAAAGCCTTGATAGCGCACGAGAGTAAGCAGAAGTATACACCACAGACTTTCAACAGAGCATCTACACTGGAAATTGTGGCTGTGTTTCAGAAAATAACTGAGCCTGGATGAATAGTCAAGGTACTGTACAAGAACCAGGCATAGTATGCACAAAATAATGTCTACGAGAAGGGAACGGGGACTGCAGCCCT
25.0% - #3_100.0% - #1,CAAAAGACTCCTGGGCTCACCTGTTAGCGCTGGCCCAGCCCAGGCCTTGGGACCTGGGGGTTGGTGATTTGGGGGACAGTGCTACACTCGTCTCCACTGTTTGTTTTACTTCCCCAAAATGGACCTTTTTTTTTTCTAAAGAGTCCCAGAGAATGGGGAATTGTTCCTGTAAATATATATTTTTCAAAGTGATGCTGGAGGCTGCTGGCACTTTTTCTCTGATGTTCTCAGGACTAGCTGAGCGTGGCACGCATGACTGTGTGTGGAGGGTGTGAGGCAGAGGTCGATTCTGAGAGAAACGGTGTGAAGGCGTGTGTGAGAAACAATAGTAGGGACTGCATATCGGTAACCAGAGGTTACTCAGAGACGTGGAAAGCCCATATCTAGAAGGAGAGAAGTCAGAAGTCGACACCACAGACTTTAGACCGCCCATCTATAATGGAAATTTCGGCACTCTTTCAGAAAATAACCCAGCCTAGAAGAATAGTCAAGGTACTGTACAAGAACCCACGAAAGTAGACACAAAATAATGTCTACGAGAAGGGAACGGGGACTGCAGCCCT
25.0% - #3_100.0% - #2,CAAAAGACTCCTGGGCTCACCTGTTAGCGCTGGCCCAGCCCAGGCCTTGGGACCTGGGGGTTGGTGATTTGGGGGACAGTGCTACACTCGTCTCCACTGTTTGTTTTACTTCCCCAAAATGGACCTTTTTTTTTTCTAAAGAGTCCCAGAGAATGGGGAATTGTTCCTGTAAATATATATTTTTCAAAGTGATGCTGGAGGCTGCTGGCACTTTTTCTCTGATGTTCTCAGGACTAGCTGAGCGTGGCACGCATGACTGTGTGTGGAGGGTGTGAGGCAGAGGTCGATTCTGAGAGAAACGGTGTGAAGGCGTGTGTGAGAAACAATAGTAGGGACTGCATATCGGTAACCATTAGCCCTTCAGAGACGTGGAAAGCGAGTATCACCATCCAGAGTAGTCAGAAGTCCTAACCACAGACTTTAAAACGAAGCTCTAGGACGGAAATGCAAGCCACTTTTCAGAAAATAACAGAGCCCCGAATAATAGTCAAGGTACTGTACAAGAACCCCATACCGTATTCACAAAATAATGTCTACGAGAAGGGAACGGGGACTGCAGCCCT
25.0% - #3_100.0% - #3,CAAAAGACTCCTGGGCTCACCTGTTAGCGCTGGCCCAGCCCAGGCCTTGGGACCTGGGGGTTGGTGATTTGGGGGACAGTGCTACACTCGTCTCCACTGTTTGTTTTACTTCCCCAAAATGGACCTTTTTTTTTTCTAAAGAGTCCCAGAGAATGGGGAATTGTTCCTGTAAATATATATTTTTCAAAGTGATGCTGGAGGCTGCTGGCACTTTTTCTCTGATGTTCTCAGGACTAGCTGAGCGTGGCACGCATGACTGTGTGTGGAGGGTGTGAGGCAGAGGTCGATTCTGAGAGAAACGGTGTGAAGGCGTGTGTGAGAAACAATAGTAGGGACTGCATATCGGTAACCATAGCAACGTCAGAGACGTGGAAAGCGAACATACGCGAAAAGAGCGAACAGAAGTAGTCACCACAGACTTTTAAGGGTCGCTCTATCAAGGAAATTCGCGCATAGTTTCAGAAAATAACTCAGCCCAGAGTAATAGTCAAGGTACTGTACAAGAACCCGAAACCGTAATCACAAAATAATGTCTACGAGAAGGGAACGGGGACTGCAGCCCT
50.0% - #2_10.0% - #1,CAAAAGACTCCTGGGCTCACCTGTTAGCGCTGGCCCAGCCCAGGCCTTGGGACCTGGGGGTTGGTGATTTGGGGGACAGTGCTACACTCGTCTCCACTGTTTGTTTTACTTCCCCAAAATGGACCTTTTTTTTTTCTAAAGAGTCCCAGAGAATGGGGAATTGTTCCTGTAAATATATATTTTTCAAAGTGATGCTGGAGGCTGCTGGCACTTTTTCTCTGATGTTGTCAGGACTAGCTCAGCGGTGCACGCAATACACCTACTCGAGGGCCACAGGCAGAGGTCGATTGGTAGAGAAACGGTGAAATGGCGTGTGGGAGAAACAATAGTAGGGACTGCATATCGGTAACCATGTGTGTGTCAGAGACGTGGAAAGCTGTGATTGTGTGTGAGAGTGTGCAGAAGTTGTGACCACAGACTTTTGATGGTGTGTCTATGTGGGAAATTGTGGCTGTGTTTCAGAAAATAACTGAGCCTGGATGAATAGTCAAGGTACTGTACAAGAACCTGTGATGGTATGCACAAAATAATGTCTACGAGAAGGGAACGGGGACTGCAGCCCT
50.0% - #2_25.0% - #1,CAAAAGACTCCTGGGCTCACCTGTTAGCGCTGGCCCAGCCCAGGCCTTGGGACCTGGGGGTTGGTGATTTGGGGGACAGTGCTACACTCGTCTCCACTGTTTGTTTTACTTCCCCAAAATGGACCTTTTTTTTTTCTAAAGAGTCCCAGAGAATGGGGAATTGTTCCTGTAAATATATATTTTTCAAAGTGATGCTGGAGGCTGCTGGCACTTTTTCTCTGATGTTGTCAGGACTAGCTCAGCGGTGCACGCAATACACCTACTCGAGGGCCACAGGCAGAGGTCGATTGGTAGAGAAACGGTGAAATGGCGTGTGGGAGAAACAATAGTAGGGACTGCATATCGGTAACCATGTGTGTGTCAGAGACGTGGAAAGCTGTGATTGTGTGTGAGAGTGTGCAGAAGTTGTGACCACAGACTTTTGATGGTGTGTCTATGTGGGAAATTGTGGCTGTGTTTCAGAAAATAACTGAGCCTGGATGAATAGTCAAGGTACTGTACAAGAACCTGTGATGGTATGCACAAAATAATGTCTACGAGAAGGGAACGGGGACTGCAGCCCT
50.0% - #2_50.0% - #1,CAAAAGACTCCTGGGCTCACCTGTTAGCGCTGGCCCAGCCCAGGCCTTGGGACCTGGGGGTTGGTGATTTGGGGGACAGTGCTACACTCGTCTCCACTGTTTGTTTTACTTCCCCAAAATGGACCTTTTTTTTTTCTAAAGAGTCCCAGAGAATGGGGAATTGTTCCTGTAAATATATATTTTTCAAAGTGATGCTGGAGGCTGCTGGCACTTTTTCTCTGATGTTGTCAGGACTAGCTCAGCGGTGCACGCAATACACCTACTCGAGGGCCACAGGCAGAGGTCGATTGGTAGAGAAACGGTGAAATGGCGTGTGGGAGAAACAATAGTAGGGACTGCATATCGGTAACCATCTTCGGTTCAGAGACGTGGAAAGCTGTGATTGTGTGTGAGAGTGTGCAGAAGTTGTGACCACAGACTTTTGATGGTGTGTCTATGTGGGAAATTGTGGCTGTGTTTCAGAAAATAACTGAGCCTGGATGAATAGTCAAGGTACTGTACAAGAACCTGTGATGGTATGCACAAAATAATGTCTACGAGAAGGGAACGGGGACTGCAGCCCT
50.0% - #2_10.0% - #2,CAAAAGACTCCTGGGCTCACCTGTTAGCGCTGGCCCAGCCCAGGCCTTGGGACCTGGGGGTTGGTGATTTGGGGGACAGTGCTACACTCGTCTCCACTGTTTGTTTTACTTCCCCAAAATGGACCTTTTTTTTTTCTAAAGAGTCCCAGAGAATGGGGAATTGTTCCTGTAAATATATATTTTTCAAAGTGATGCTGGAGGCTGCTGGCACTTTTTCTCTGATGTTGTCAGGACTAGCTCAGCGGTGCACGCAATACACCTACTCGAGGGCCACAGGCAGAGGTCGATTGGTAGAGAAACGGTGAAATGGCGTGTGGGAGAAACAATAGTAGGGACTGCATATCGGTAACCATGTGTGTGTCAGAGACGTGGAAAGCTGTGATTCTGTGTGAGAGTGTGCAGAAGTTGTGACCACAGACTTTTGATGGTGTGTCTATGTGGGAAATTGTGGCTGTGTTTCAGAAAATAACTGAGCCTGGATGAATAGTCAAGGTACTGTACAAGAACCTGTGATGGTATGCACAAAATAATGTCTACGAGAAGGGAACGGGGACTGCAGCCCT
50.0% - #2_10.0% - #3,CAAAAGACTCCTGGGCTCACCTGTTAGCGCTGGCCCAGCCCAGGCCTTGGGACCTGGGGGTTGGTGATTTGGGGGACAGTGCTACACTCGTCTCCACTGTTTGTTTTACTTCCCCAAAATGGACCTTTTTTTTTTCTAAAGAGTCCCAGAGAATGGGGAATTGTTCCTGTAAATATATATTTTTCAAAGTGATGCTGGAGGCTGCTGGCACTTTTTCTCTGATGTTGTCAGGACTAGCTCAGCGGTGCACGCAATACACCTACTCGAGGGCCACAGGCAGAGGTCGATTGGTAGAGAAACGGTGAAATGGCGTGTGGGAGAAACAATAGTAGGGACTGCATATCGGTAACCATGTGAGTGTCAGAGACGTGGAAAGCTGTGATTGTGTGTGAGAGTGTGCAGAAGTAGTGACCACAGACTTTTGATGGTGTGTCTATGTGGGAAATTGTGGCTGTGTTTCAGAAAATAACTGAGCCTGGATGAATAGTCAAGGTACTGTACAAGAACCTGTGATGGTATGCACAAAATAATGTCTACGAGAAGGGAACGGGGACTGCAGCCCT
50.0% - #2_25.0% - #2,CAAAAGACTCCTGGGCTCACCTGTTAGCGCTGGCCCAGCCCAGGCCTTGGGACCTGGGGGTTGGTGATTTGGGGGACAGTGCTACACTCGTCTCCACTGTTTGTTTTACTTCCCCAAAATGGACCTTTTTTTTTTCTAAAGAGTCCCAGAGAATGGGGAATTGTTCCTGTAAATATATATTTTTCAAAGTGATGCTGGAGGCTGCTGGCACTTTTTCTCTGATGTTGTCAGGACTAGCTCAGCGGTGCACGCAATACACCTACTCGAGGGCCACAGGCAGAGGTCGATTGGTAGAGAAACGGTGAAATGGCGTGTGGGAGAAACAATAGTAGGGACTGCATATCGGTAACCATGTGTGGTTCAGAGACGTGGAAAGCTGTGATTGTGTGAGAGAGTGTGCAGAAGTTGCTACCACAGACTTTTGATGGTGTGTCTATGTGGGAAATCTTGGCTAGCTTTCAGAAAATAACCTAGCCTGGATGAATAGTCAAGGTACTGTACAAGAACCTGCTATGGTATGCACAAAATAATGTCTACGAGAAGGGAACGGGGACTGCAGCCCT
50.0% - #2_25.0% - #3,CAAAAGACTCCTGGGCTCACCTGTTAGCGCTGGCCCAGCCCAGGCCTTGGGACCTGGGGGTTGGTGATTTGGGGGACAGTGCTACACTCGTCTCCACTGTTTGTTTTACTTCCCCAAAATGGACCTTTTTTTTTTCTAAAGAGTCCCAGAGAATGGGGAATTGTTCCTGTAAATATATATTTTTCAAAGTGATGCTGGAGGCTGCTGGCACTTTTTCTCTGATGTTGTCAGGACTAGCTCAGCGGTGCACGCAATACACCTACTCGAGGGCCACAGGCAGAGGTCGATTGGTAGAGAAACGGTGAAATGGCGTGTGGGAGAAACAATAGTAGGGACTGCATATCGGTAACCATACACACCTCAGAGACGTGGAAAGCTGTGATTGTGTGTGAGAGTGTGCAGAAGTTGTGACCACAGACTTTGCATAGTGTGTCTATGTGGGAAATTCCGGCTATGTTTCAGAAAATAACTGAGCCGAGACTAATAGTCAAGGTACTGTACAAGAACCTGTGATGGTATGCACAAAATAATGTCTACGAGAAGGGAACGGGGACTGCAGCCCT
50.0% - #2_50.0% - #2,CAAAAGACTCCTGGGCTCACCTGTTAGCGCTGGCCCAGCCCAGGCCTTGGGACCTGGGGGTTGGTGATTTGGGGGACAGTGCTACACTCGTCTCCACTGTTTGTTTTACTTCCCCAAAATGGACCTTTTTTTTTTCTAAAGAGTCCCAGAGAATGGGGAATTGTTCCTGTAAATATATATTTTTCAAAGTGATGCTGGAGGCTGCTGGCACTTTTTCTCTGATGTTGTCAGGACTAGCTCAGCGGTGCACGCAATACACCTACTCGAGGGCCACAGGCAGAGGTCGATTGGTAGAGAAACGGTGAAATGGCGTGTGGGAGAAACAATAGTAGGGACTGCATATCGGTAACCACACATGTGTCAGAGACGTGGAAAGCTATGATTGTGCCTGAGAGTGTGCAGAAGTTGTGACCACAGACTTTTGAGGGTGACTCTATAACGGAAATAGCAGCTAGGTTTCAGAAAATAACTGAGCCTGGATGAATAGTCAAGGTACTGTACAAGAACCTTAGAGGGTAGTCACAAAATAATGTCTACGAGAAGGGAACGGGGACTGCAGCCCT
50.0% - #2_50.0% - #3,CAAAAGACTCCTGGGCTCACCTGTTAGCGCTGGCCCAGCCCAGGCCTTGGGACCTGGGGGTTGGTGATTTGGGGGACAGTGCTACACTCGTCTCCACTGTTTGTTTTACTTCCCCAAAATGGACCTTTTTTTTTTCTAAAGAGTCCCAGAGAATGGGGAATTGTTCCTGTAAATATATATTTTTCAAAGTGATGCTGGAGGCTGCTGGCACTTTTTCTCTGATGTTGTCAGGACTAGCTCAGCGGTGCACGCAATACACCTACTCGAGGGCCACAGGCAGAGGTCGATTGGTAGAGAAACGGTGAAATGGCGTGTGGGAGAAACAATAGTAGGGACTGCATATCGGTAACCATGTGTGTGTCAGAGACGTGGAAAGCCTTGATAGCGCACGAGAGTAAGCAGAAGTATACACCACAGACTTTCAACAGAGCATCTACACTGGAAATTGTGGCTGTGTTTCAGAAAATAACTGAGCCTGGATGAATAGTCAAGGTACTGTACAAGAACCAGGCATAGTATGCACAAAATAATGTCTACGAGAAGGGAACGGGGACTGCAGCCCT
50.0% - #2_100.0% - #1,CAAAAGACTCCTGGGCTCACCTGTTAGCGCTGGCCCAGCCCAGGCCTTGGGACCTGGGGGTTGGTGATTTGGGGGACAGTGCTACACTCGTCTCCACTGTTTGTTTTACTTCCCCAAAATGGACCTTTTTTTTTTCTAAAGAGTCCCAGAGAATGGGGAATTGTTCCTGTAAATATATATTTTTCAAAGTGATGCTGGAGGCTGCTGGCACTTTTTCTCTGATGTTGTCAGGACTAGCTCAGCGGTGCACGCAATACACCTACTCGAGGGCCACAGGCAGAGGTCGATTGGTAGAGAAACGGTGAAATGGCGTGTGGGAGAAACAATAGTAGGGACTGCATATCGGTAACCAGAGGTTACTCAGAGACGTGGAAAGCCCATATCTAGAAGGAGAGAAGTCAGAAGTCGACACCACAGACTTTAGACCGCCCATCTATAATGGAAATTTCGGCACTCTTTCAGAAAATAACCCAGCCTAGAAGAATAGTCAAGGTACTGTACAAGAACCCACGAAAGTAGACACAAAATAATGTCTACGAGAAGGGAACGGGGACTGCAGCCCT
50.0% - #2_100.0% - #2,CAAAAGACTCCTGGGCTCACCTGTTAGCGCTGGCCCAGCCCAGGCCTTGGGACCTGGGGGTTGGTGATTTGGGGGACAGTGCTACACTCGTCTCCACTGTTTGTTTTACTTCCCCAAAATGGACCTTTTTTTTTTCTAAAGAGTCCCAGAGAATGGGGAATTGTTCCTGTAAATATATATTTTTCAAAGTGATGCTGGAGGCTGCTGGCACTTTTTCTCTGATGTTGTCAGGACTAGCTCAGCGGTGCACGCAATACACCTACTCGAGGGCCACAGGCAGAGGTCGATTGGTAGAGAAACGGTGAAATGGCGTGTGGGAGAAACAATAGTAGGGACTGCATATCGGTAACCATTAGCCCTTCAGAGACGTGGAAAGCGAGTATCACCATCCAGAGTAGTCAGAAGTCCTAACCACAGACTTTAAAACGAAGCTCTAGGACGGAAATGCAAGCCACTTTTCAGAAAATAACAGAGCCCCGAATAATAGTCAAGGTACTGTACAAGAACCCCATACCGTATTCACAAAATAATGTCTACGAGAAGGGAACGGGGACTGCAGCCCT
50.0% - #2_100.0% - #3,CAAAAGACTCCTGGGCTCACCTGTTAGCGCTGGCCCAGCCCAGGCCTTGGGACCTGGGGGTTGGTGATTTGGGGGACAGTGCTACACTCGTCTCCACTGTTTGTTTTACTTCCCCAAAATGGACCTTTTTTTTTTCTAAAGAGTCCCAGAGAATGGGGAATTGTTCCTGTAAATATATATTTTTCAAAGTGATGCTGGAGGCTGCTGGCACTTTTTCTCTGATGTTGTCAGGACTAGCTCAGCGGTGCACGCAATACACCTACTCGAGGGCCACAGGCAGAGGTCGATTGGTAGAGAAACGGTGAAATGGCGTGTGGGAGAAACAATAGTAGGGACTGCATATCGGTAACCATAGCAACGTCAGAGACGTGGAAAGCGAACATACGCGAAAAGAGCGAACAGAAGTAGTCACCACAGACTTTTAAGGGTCGCTCTATCAAGGAAATTCGCGCATAGTTTCAGAAAATAACTCAGCCCAGAGTAATAGTCAAGGTACTGTACAAGAACCCGAAACCGTAATCACAAAATAATGTCTACGAGAAGGGAACGGGGACTGCAGCCCT
50.0% - #3_10.0% - #1,CAAAAGACTCCTGGGCTCACCTGTTAGCGCTGGCCCAGCCCAGGCCTTGGGACCTGGGGGTTGGTGATTTGGGGGACAGTGCTACACTCGTCTCCACTGTTTGTTTTACTTCCCCAAAATGGACCTTTTTTTTTTCTAAAGAGTCCCAGAGAATGGGGAATTGTTCCTGTAAATATATATTTTTCAAAGTGAGCCCGGAGGCATCATGCACTTTTTCTCGAAAGTTGTCAGGACTAGCTGAGCGTGGCACGCATGACTGTGTGTGGAGGGTGTGAGGCAGAGGTCGATTGTGAGAGAAACGGGGACATGGCGTATGCTAGAAACAATAGTAGGGACTGCATATCGGTAACCATGTGTGTGTCAGAGACGTGGAAAGCTGTGATTGTGTGTGAGAGTGTGCAGAAGTTGTGACCACAGACTTTTGATGGTGTGTCTATGTGGGAAATTGTGGCTGTGTTTCAGAAAATAACTGAGCCTGGATGAATAGTCAAGGTACTGTACAAGAACCTGTGATGGTATGCACAAAATAATGTCTACGAGAAGGGAACGGGGACTGCAGCCCT
50.0% - #3_25.0% - #1,CAAAAGACTCCTGGGCTCACCTGTTAGCGCTGGCCCAGCCCAGGCCTTGGGACCTGGGGGTTGGTGATTTGGGGGACAGTGCTACACTCGTCTCCACTGTTTGTTTTACTTCCCCAAAATGGACCTTTTTTTTTTCTAAAGAGTCCCAGAGAATGGGGAATTGTTCCTGTAAATATATATTTTTCAAAGTGAGCCCGGAGGCATCATGCACTTTTTCTCGAAAGTTGTCAGGACTAGCTGAGCGTGGCACGCATGACTGTGTGTGGAGGGTGTGAGGCAGAGGTCGATTGTGAGAGAAACGGGGACATGGCGTATGCTAGAAACAATAGTAGGGACTGCATATCGGTAACCATGTGTGTGTCAGAGACGTGGAAAGCTGTGATTGTGTGTGAGAGTGTGCAGAAGTTGTGACCACAGACTTTTGATGGTGTGTCTATGTGGGAAATTGTGGCTGTGTTTCAGAAAATAACTGAGCCTGGATGAATAGTCAAGGTACTGTACAAGAACCTGTGATGGTATGCACAAAATAATGTCTACGAGAAGGGAACGGGGACTGCAGCCCT
50.0% - #3_50.0% - #1,CAAAAGACTCCTGGGCTCACCTGTTAGCGCTGGCCCAGCCCAGGCCTTGGGACCTGGGGGTTGGTGATTTGGGGGACAGTGCTACACTCGTCTCCACTGTTTGTTTTACTTCCCCAAAATGGACCTTTTTTTTTTCTAAAGAGTCCCAGAGAATGGGGAATTGTTCCTGTAAATATATATTTTTCAAAGTGAGCCCGGAGGCATCATGCACTTTTTCTCGAAAGTTGTCAGGACTAGCTGAGCGTGGCACGCATGACTGTGTGTGGAGGGTGTGAGGCAGAGGTCGATTGTGAGAGAAACGGGGACATGGCGTATGCTAGAAACAATAGTAGGGACTGCATATCGGTAACCATCTTCGGTTCAGAGACGTGGAAAGCTGTGATTGTGTGTGAGAGTGTGCAGAAGTTGTGACCACAGACTTTTGATGGTGTGTCTATGTGGGAAATTGTGGCTGTGTTTCAGAAAATAACTGAGCCTGGATGAATAGTCAAGGTACTGTACAAGAACCTGTGATGGTATGCACAAAATAATGTCTACGAGAAGGGAACGGGGACTGCAGCCCT
50.0% - #3_10.0% - #2,CAAAAGACTCCTGGGCTCACCTGTTAGCGCTGGCCCAGCCCAGGCCTTGGGACCTGGGGGTTGGTGATTTGGGGGACAGTGCTACACTCGTCTCCACTGTTTGTTTTACTTCCCCAAAATGGACCTTTTTTTTTTCTAAAGAGTCCCAGAGAATGGGGAATTGTTCCTGTAAATATATATTTTTCAAAGTGAGCCCGGAGGCATCATGCACTTTTTCTCGAAAGTTGTCAGGACTAGCTGAGCGTGGCACGCATGACTGTGTGTGGAGGGTGTGAGGCAGAGGTCGATTGTGAGAGAAACGGGGACATGGCGTATGCTAGAAACAATAGTAGGGACTGCATATCGGTAACCATGTGTGTGTCAGAGACGTGGAAAGCTGTGATTCTGTGTGAGAGTGTGCAGAAGTTGTGACCACAGACTTTTGATGGTGTGTCTATGTGGGAAATTGTGGCTGTGTTTCAGAAAATAACTGAGCCTGGATGAATAGTCAAGGTACTGTACAAGAACCTGTGATGGTATGCACAAAATAATGTCTACGAGAAGGGAACGGGGACTGCAGCCCT
50.0% - #3_10.0% - #3,CAAAAGACTCCTGGGCTCACCTGTTAGCGCTGGCCCAGCCCAGGCCTTGGGACCTGGGGGTTGGTGATTTGGGGGACAGTGCTACACTCGTCTCCACTGTTTGTTTTACTTCCCCAAAATGGACCTTTTTTTTTTCTAAAGAGTCCCAGAGAATGGGGAATTGTTCCTGTAAATATATATTTTTCAAAGTGAGCCCGGAGGCATCATGCACTTTTTCTCGAAAGTTGTCAGGACTAGCTGAGCGTGGCACGCATGACTGTGTGTGGAGGGTGTGAGGCAGAGGTCGATTGTGAGAGAAACGGGGACATGGCGTATGCTAGAAACAATAGTAGGGACTGCATATCGGTAACCATGTGAGTGTCAGAGACGTGGAAAGCTGTGATTGTGTGTGAGAGTGTGCAGAAGTAGTGACCACAGACTTTTGATGGTGTGTCTATGTGGGAAATTGTGGCTGTGTTTCAGAAAATAACTGAGCCTGGATGAATAGTCAAGGTACTGTACAAGAACCTGTGATGGTATGCACAAAATAATGTCTACGAGAAGGGAACGGGGACTGCAGCCCT
50.0% - #3_25.0% - #2,CAAAAGACTCCTGGGCTCACCTGTTAGCGCTGGCCCAGCCCAGGCCTTGGGACCTGGGGGTTGGTGATTTGGGGGACAGTGCTACACTCGTCTCCACTGTTTGTTTTACTTCCCCAAAATGGACCTTTTTTTTTTCTAAAGAGTCCCAGAGAATGGGGAATTGTTCCTGTAAATATATATTTTTCAAAGTGAGCCCGGAGGCATCATGCACTTTTTCTCGAAAGTTGTCAGGACTAGCTGAGCGTGGCACGCATGACTGTGTGTGGAGGGTGTGAGGCAGAGGTCGATTGTGAGAGAAACGGGGACATGGCGTATGCTAGAAACAATAGTAGGGACTGCATATCGGTAACCATGTGTGGTTCAGAGACGTGGAAAGCTGTGATTGTGTGAGAGAGTGTGCAGAAGTTGCTACCACAGACTTTTGATGGTGTGTCTATGTGGGAAATCTTGGCTAGCTTTCAGAAAATAACCTAGCCTGGATGAATAGTCAAGGTACTGTACAAGAACCTGCTATGGTATGCACAAAATAATGTCTACGAGAAGGGAACGGGGACTGCAGCCCT
50.0% - #3_25.0% - #3,CAAAAGACTCCTGGGCTCACCTGTTAGCGCTGGCCCAGCCCAGGCCTTGGGACCTGGGGGTTGGTGATTTGGGGGACAGTGCTACACTCGTCTCCACTGTTTGTTTTACTTCCCCAAAATGGACCTTTTTTTTTTCTAAAGAGTCCCAGAGAATGGGGAATTGTTCCTGTAAATATATATTTTTCAAAGTGAGCCCGGAGGCATCATGCACTTTTTCTCGAAAGTTGTCAGGACTAGCTGAGCGTGGCACGCATGACTGTGTGTGGAGGGTGTGAGGCAGAGGTCGATTGTGAGAGAAACGGGGACATGGCGTATGCTAGAAACAATAGTAGGGACTGCATATCGGTAACCATACACACCTCAGAGACGTGGAAAGCTGTGATTGTGTGTGAGAGTGTGCAGAAGTTGTGACCACAGACTTTGCATAGTGTGTCTATGTGGGAAATTCCGGCTATGTTTCAGAAAATAACTGAGCCGAGACTAATAGTCAAGGTACTGTACAAGAACCTGTGATGGTATGCACAAAATAATGTCTACGAGAAGGGAACGGGGACTGCAGCCCT
50.0% - #3_50.0% - #2,CAAAAGACTCCTGGGCTCACCTGTTAGCGCTGGCCCAGCCCAGGCCTTGGGACCTGGGGGTTGGTGATTTGGGGGACAGTGCTACACTCGTCTCCACTGTTTGTTTTACTTCCCCAAAATGGACCTTTTTTTTTTCTAAAGAGTCCCAGAGAATGGGGAATTGTTCCTGTAAATATATATTTTTCAAAGTGAGCCCGGAGGCATCATGCACTTTTTCTCGAAAGTTGTCAGGACTAGCTGAGCGTGGCACGCATGACTGTGTGTGGAGGGTGTGAGGCAGAGGTCGATTGTGAGAGAAACGGGGACATGGCGTATGCTAGAAACAATAGTAGGGACTGCATATCGGTAACCACACATGTGTCAGAGACGTGGAAAGCTATGATTGTGCCTGAGAGTGTGCAGAAGTTGTGACCACAGACTTTTGAGGGTGACTCTATAACGGAAATAGCAGCTAGGTTTCAGAAAATAACTGAGCCTGGATGAATAGTCAAGGTACTGTACAAGAACCTTAGAGGGTAGTCACAAAATAATGTCTACGAGAAGGGAACGGGGACTGCAGCCCT
50.0% - #3_50.0% - #3,CAAAAGACTCCTGGGCTCACCTGTTAGCGCTGGCCCAGCCCAGGCCTTGGGACCTGGGGGTTGGTGATTTGGGGGACAGTGCTACACTCGTCTCCACTGTTTGTTTTACTTCCCCAAAATGGACCTTTTTTTTTTCTAAAGAGTCCCAGAGAATGGGGAATTGTTCCTGTAAATATATATTTTTCAAAGTGAGCCCGGAGGCATCATGCACTTTTTCTCGAAAGTTGTCAGGACTAGCTGAGCGTGGCACGCATGACTGTGTGTGGAGGGTGTGAGGCAGAGGTCGATTGTGAGAGAAACGGGGACATGGCGTATGCTAGAAACAATAGTAGGGACTGCATATCGGTAACCATGTGTGTGTCAGAGACGTGGAAAGCCTTGATAGCGCACGAGAGTAAGCAGAAGTATACACCACAGACTTTCAACAGAGCATCTACACTGGAAATTGTGGCTGTGTTTCAGAAAATAACTGAGCCTGGATGAATAGTCAAGGTACTGTACAAGAACCAGGCATAGTATGCACAAAATAATGTCTACGAGAAGGGAACGGGGACTGCAGCCCT
50.0% - #3_100.0% - #1,CAAAAGACTCCTGGGCTCACCTGTTAGCGCTGGCCCAGCCCAGGCCTTGGGACCTGGGGGTTGGTGATTTGGGGGACAGTGCTACACTCGTCTCCACTGTTTGTTTTACTTCCCCAAAATGGACCTTTTTTTTTTCTAAAGAGTCCCAGAGAATGGGGAATTGTTCCTGTAAATATATATTTTTCAAAGTGAGCCCGGAGGCATCATGCACTTTTTCTCGAAAGTTGTCAGGACTAGCTGAGCGTGGCACGCATGACTGTGTGTGGAGGGTGTGAGGCAGAGGTCGATTGTGAGAGAAACGGGGACATGGCGTATGCTAGAAACAATAGTAGGGACTGCATATCGGTAACCAGAGGTTACTCAGAGACGTGGAAAGCCCATATCTAGAAGGAGAGAAGTCAGAAGTCGACACCACAGACTTTAGACCGCCCATCTATAATGGAAATTTCGGCACTCTTTCAGAAAATAACCCAGCCTAGAAGAATAGTCAAGGTACTGTACAAGAACCCACGAAAGTAGACACAAAATAATGTCTACGAGAAGGGAACGGGGACTGCAGCCCT
50.0% - #3_100.0% - #2,CAAAAGACTCCTGGGCTCACCTGTTAGCGCTGGCCCAGCCCAGGCCTTGGGACCTGGGGGTTGGTGATTTGGGGGACAGTGCTACACTCGTCTCCACTGTTTGTTTTACTTCCCCAAAATGGACCTTTTTTTTTTCTAAAGAGTCCCAGAGAATGGGGAATTGTTCCTGTAAATATATATTTTTCAAAGTGAGCCCGGAGGCATCATGCACTTTTTCTCGAAAGTTGTCAGGACTAGCTGAGCGTGGCACGCATGACTGTGTGTGGAGGGTGTGAGGCAGAGGTCGATTGTGAGAGAAACGGGGACATGGCGTATGCTAGAAACAATAGTAGGGACTGCATATCGGTAACCATTAGCCCTTCAGAGACGTGGAAAGCGAGTATCACCATCCAGAGTAGTCAGAAGTCCTAACCACAGACTTTAAAACGAAGCTCTAGGACGGAAATGCAAGCCACTTTTCAGAAAATAACAGAGCCCCGAATAATAGTCAAGGTACTGTACAAGAACCCCATACCGTATTCACAAAATAATGTCTACGAGAAGGGAACGGGGACTGCAGCCCT
50.0% - #3_100.0% - #3,CAAAAGACTCCTGGGCTCACCTGTTAGCGCTGGCCCAGCCCAGGCCTTGGGACCTGGGGGTTGGTGATTTGGGGGACAGTGCTACACTCGTCTCCACTGTTTGTTTTACTTCCCCAAAATGGACCTTTTTTTTTTCTAAAGAGTCCCAGAGAATGGGGAATTGTTCCTGTAAATATATATTTTTCAAAGTGAGCCCGGAGGCATCATGCACTTTTTCTCGAAAGTTGTCAGGACTAGCTGAGCGTGGCACGCATGACTGTGTGTGGAGGGTGTGAGGCAGAGGTCGATTGTGAGAGAAACGGGGACATGGCGTATGCTAGAAACAATAGTAGGGACTGCATATCGGTAACCATAGCAACGTCAGAGACGTGGAAAGCGAACATACGCGAAAAGAGCGAACAGAAGTAGTCACCACAGACTTTTAAGGGTCGCTCTATCAAGGAAATTCGCGCATAGTTTCAGAAAATAACTCAGCCCAGAGTAATAGTCAAGGTACTGTACAAGAACCCGAAACCGTAATCACAAAATAATGTCTACGAGAAGGGAACGGGGACTGCAGCCCT
100.0% - #1_10.0% - #1,CAAAAGACTCCTGGGCTCACCTGTTAGCGCTGGCCCAGCCCAGGCCTTGGGACCTGGGGGTTGGTGATTTGGGGGACAGTGCTACACTCGTCTCCACTGTTTGTTTTACTTCCCCAAAATGGACCTTTTTTTTTTCTAAAGAGTCCCAGAGAATGGGGAATTGTTCCTGTAAATATATATTTTTCAAAGTGACTCCGGAGGCGACAAGCACTTTTTCTCCGATTTTCTCAGGACTAGCCCAGCGTTGCACGCAGTACGATACAGGGAGGGGTCAAGGCAGAGGTCGATCCATAGAGAAACGGCCAGAAAGCGCTAACCAGAAACAATAGTAGGGACTGCATATCGGTAACCATGTGTGTGTCAGAGACGTGGAAAGCTGTGATTGTGTGTGAGAGTGTGCAGAAGTTGTGACCACAGACTTTTGATGGTGTGTCTATGTGGGAAATTGTGGCTGTGTTTCAGAAAATAACTGAGCCTGGATGAATAGTCAAGGTACTGTACAAGAACCTGTGATGGTATGCACAAAATAATGTCTACGAGAAGGGAACGGGGACTGCAGCCCT
100.0% - #1_25.0% - #1,CAAAAGACTCCTGGGCTCACCTGTTAGCGCTGGCCCAGCCCAGGCCTTGGGACCTGGGGGTTGGTGATTTGGGGGACAGTGCTACACTCGTCTCCACTGTTTGTTTTACTTCCCCAAAATGGACCTTTTTTTTTTCTAAAGAGTCCCAGAGAATGGGGAATTGTTCCTGTAAATATATATTTTTCAAAGTGACTCCGGAGGCGACAAGCACTTTTTCTCCGATTTTCTCAGGACTAGCCCAGCGTTGCACGCAGTACGATACAGGGAGGGGTCAAGGCAGAGGTCGATCCATAGAGAAACGGCCAGAAAGCGCTAACCAGAAACAATAGTAGGGACTGCATATCGGTAACCATGTGTGTGTCAGAGACGTGGAAAGCTGTGATTGTGTGTGAGAGTGTGCAGAAGTTGTGACCACAGACTTTTGATGGTGTGTCTATGTGGGAAATTGTGGCTGTGTTTCAGAAAATAACTGAGCCTGGATGAATAGTCAAGGTACTGTACAAGAACCTGTGATGGTATGCACAAAATAATGTCTACGAGAAGGGAACGGGGACTGCAGCCCT
100.0% - #1_50.0% - #1,CAAAAGACTCCTGGGCTCACCTGTTAGCGCTGGCCCAGCCCAGGCCTTGGGACCTGGGGGTTGGTGATTTGGGGGACAGTGCTACACTCGTCTCCACTGTTTGTTTTACTTCCCCAAAATGGACCTTTTTTTTTTCTAAAGAGTCCCAGAGAATGGGGAATTGTTCCTGTAAATATATATTTTTCAAAGTGACTCCGGAGGCGACAAGCACTTTTTCTCCGATTTTCTCAGGACTAGCCCAGCGTTGCACGCAGTACGATACAGGGAGGGGTCAAGGCAGAGGTCGATCCATAGAGAAACGGCCAGAAAGCGCTAACCAGAAACAATAGTAGGGACTGCATATCGGTAACCATCTTCGGTTCAGAGACGTGGAAAGCTGTGATTGTGTGTGAGAGTGTGCAGAAGTTGTGACCACAGACTTTTGATGGTGTGTCTATGTGGGAAATTGTGGCTGTGTTTCAGAAAATAACTGAGCCTGGATGAATAGTCAAGGTACTGTACAAGAACCTGTGATGGTATGCACAAAATAATGTCTACGAGAAGGGAACGGGGACTGCAGCCCT
100.0% - #1_10.0% - #2,CAAAAGACTCCTGGGCTCACCTGTTAGCGCTGGCCCAGCCCAGGCCTTGGGACCTGGGGGTTGGTGATTTGGGGGACAGTGCTACACTCGTCTCCACTGTTTGTTTTACTTCCCCAAAATGGACCTTTTTTTTTTCTAAAGAGTCCCAGAGAATGGGGAATTGTTCCTGTAAATATATATTTTTCAAAGTGACTCCGGAGGCGACAAGCACTTTTTCTCCGATTTTCTCAGGACTAGCCCAGCGTTGCACGCAGTACGATACAGGGAGGGGTCAAGGCAGAGGTCGATCCATAGAGAAACGGCCAGAAAGCGCTAACCAGAAACAATAGTAGGGACTGCATATCGGTAACCATGTGTGTGTCAGAGACGTGGAAAGCTGTGATTCTGTGTGAGAGTGTGCAGAAGTTGTGACCACAGACTTTTGATGGTGTGTCTATGTGGGAAATTGTGGCTGTGTTTCAGAAAATAACTGAGCCTGGATGAATAGTCAAGGTACTGTACAAGAACCTGTGATGGTATGCACAAAATAATGTCTACGAGAAGGGAACGGGGACTGCAGCCCT
100.0% - #1_10.0% - #3,CAAAAGACTCCTGGGCTCACCTGTTAGCGCTGGCCCAGCCCAGGCCTTGGGACCTGGGGGTTGGTGATTTGGGGGACAGTGCTACACTCGTCTCCACTGTTTGTTTTACTTCCCCAAAATGGACCTTTTTTTTTTCTAAAGAGTCCCAGAGAATGGGGAATTGTTCCTGTAAATATATATTTTTCAAAGTGACTCCGGAGGCGACAAGCACTTTTTCTCCGATTTTCTCAGGACTAGCCCAGCGTTGCACGCAGTACGATACAGGGAGGGGTCAAGGCAGAGGTCGATCCATAGAGAAACGGCCAGAAAGCGCTAACCAGAAACAATAGTAGGGACTGCATATCGGTAACCATGTGAGTGTCAGAGACGTGGAAAGCTGTGATTGTGTGTGAGAGTGTGCAGAAGTAGTGACCACAGACTTTTGATGGTGTGTCTATGTGGGAAATTGTGGCTGTGTTTCAGAAAATAACTGAGCCTGGATGAATAGTCAAGGTACTGTACAAGAACCTGTGATGGTATGCACAAAATAATGTCTACGAGAAGGGAACGGGGACTGCAGCCCT
100.0% - #1_25.0% - #2,CAAAAGACTCCTGGGCTCACCTGTTAGCGCTGGCCCAGCCCAGGCCTTGGGACCTGGGGGTTGGTGATTTGGGGGACAGTGCTACACTCGTCTCCACTGTTTGTTTTACTTCCCCAAAATGGACCTTTTTTTTTTCTAAAGAGTCCCAGAGAATGGGGAATTGTTCCTGTAAATATATATTTTTCAAAGTGACTCCGGAGGCGACAAGCACTTTTTCTCCGATTTTCTCAGGACTAGCCCAGCGTTGCACGCAGTACGATACAGGGAGGGGTCAAGGCAGAGGTCGATCCATAGAGAAACGGCCAGAAAGCGCTAACCAGAAACAATAGTAGGGACTGCATATCGGTAACCATGTGTGGTTCAGAGACGTGGAAAGCTGTGATTGTGTGAGAGAGTGTGCAGAAGTTGCTACCACAGACTTTTGATGGTGTGTCTATGTGGGAAATCTTGGCTAGCTTTCAGAAAATAACCTAGCCTGGATGAATAGTCAAGGTACTGTACAAGAACCTGCTATGGTATGCACAAAATAATGTCTACGAGAAGGGAACGGGGACTGCAGCCCT
100.0% - #1_25.0% - #3,CAAAAGACTCCTGGGCTCACCTGTTAGCGCTGGCCCAGCCCAGGCCTTGGGACCTGGGGGTTGGTGATTTGGGGGACAGTGCTACACTCGTCTCCACTGTTTGTTTTACTTCCCCAAAATGGACCTTTTTTTTTTCTAAAGAGTCCCAGAGAATGGGGAATTGTTCCTGTAAATATATATTTTTCAAAGTGACTCCGGAGGCGACAAGCACTTTTTCTCCGATTTTCTCAGGACTAGCCCAGCGTTGCACGCAGTACGATACAGGGAGGGGTCAAGGCAGAGGTCGATCCATAGAGAAACGGCCAGAAAGCGCTAACCAGAAACAATAGTAGGGACTGCATATCGGTAACCATACACACCTCAGAGACGTGGAAAGCTGTGATTGTGTGTGAGAGTGTGCAGAAGTTGTGACCACAGACTTTGCATAGTGTGTCTATGTGGGAAATTCCGGCTATGTTTCAGAAAATAACTGAGCCGAGACTAATAGTCAAGGTACTGTACAAGAACCTGTGATGGTATGCACAAAATAATGTCTACGAGAAGGGAACGGGGACTGCAGCCCT
100.0% - #1_50.0% - #2,CAAAAGACTCCTGGGCTCACCTGTTAGCGCTGGCCCAGCCCAGGCCTTGGGACCTGGGGGTTGGTGATTTGGGGGACAGTGCTACACTCGTCTCCACTGTTTGTTTTACTTCCCCAAAATGGACCTTTTTTTTTTCTAAAGAGTCCCAGAGAATGGGGAATTGTTCCTGTAAATATATATTTTTCAAAGTGACTCCGGAGGCGACAAGCACTTTTTCTCCGATTTTCTCAGGACTAGCCCAGCGTTGCACGCAGTACGATACAGGGAGGGGTCAAGGCAGAGGTCGATCCATAGAGAAACGGCCAGAAAGCGCTAACCAGAAACAATAGTAGGGACTGCATATCGGTAACCACACATGTGTCAGAGACGTGGAAAGCTATGATTGTGCCTGAGAGTGTGCAGAAGTTGTGACCACAGACTTTTGAGGGTGACTCTATAACGGAAATAGCAGCTAGGTTTCAGAAAATAACTGAGCCTGGATGAATAGTCAAGGTACTGTACAAGAACCTTAGAGGGTAGTCACAAAATAATGTCTACGAGAAGGGAACGGGGACTGCAGCCCT
100.0% - #1_50.0% - #3,CAAAAGACTCCTGGGCTCACCTGTTAGCGCTGGCCCAGCCCAGGCCTTGGGACCTGGGGGTTGGTGATTTGGGGGACAGTGCTACACTCGTCTCCACTGTTTGTTTTACTTCCCCAAAATGGACCTTTTTTTTTTCTAAAGAGTCCCAGAGAATGGGGAATTGTTCCTGTAAATATATATTTTTCAAAGTGACTCCGGAGGCGACAAGCACTTTTTCTCCGATTTTCTCAGGACTAGCCCAGCGTTGCACGCAGTACGATACAGGGAGGGGTCAAGGCAGAGGTCGATCCATAGAGAAACGGCCAGAAAGCGCTAACCAGAAACAATAGTAGGGACTGCATATCGGTAACCATGTGTGTGTCAGAGACGTGGAAAGCCTTGATAGCGCACGAGAGTAAGCAGAAGTATACACCACAGACTTTCAACAGAGCATCTACACTGGAAATTGTGGCTGTGTTTCAGAAAATAACTGAGCCTGGATGAATAGTCAAGGTACTGTACAAGAACCAGGCATAGTATGCACAAAATAATGTCTACGAGAAGGGAACGGGGACTGCAGCCCT
100.0% - #1_100.0% - #1,CAAAAGACTCCTGGGCTCACCTGTTAGCGCTGGCCCAGCCCAGGCCTTGGGACCTGGGGGTTGGTGATTTGGGGGACAGTGCTACACTCGTCTCCACTGTTTGTTTTACTTCCCCAAAATGGACCTTTTTTTTTTCTAAAGAGTCCCAGAGAATGGGGAATTGTTCCTGTAAATATATATTTTTCAAAGTGACTCCGGAGGCGACAAGCACTTTTTCTCCGATTTTCTCAGGACTAGCCCAGCGTTGCACGCAGTACGATACAGGGAGGGGTCAAGGCAGAGGTCGATCCATAGAGAAACGGCCAGAAAGCGCTAACCAGAAACAATAGTAGGGACTGCATATCGGTAACCAGAGGTTACTCAGAGACGTGGAAAGCCCATATCTAGAAGGAGAGAAGTCAGAAGTCGACACCACAGACTTTAGACCGCCCATCTATAATGGAAATTTCGGCACTCTTTCAGAAAATAACCCAGCCTAGAAGAATAGTCAAGGTACTGTACAAGAACCCACGAAAGTAGACACAAAATAATGTCTACGAGAAGGGAACGGGGACTGCAGCCCT
100.0% - #1_100.0% - #2,CAAAAGACTCCTGGGCTCACCTGTTAGCGCTGGCCCAGCCCAGGCCTTGGGACCTGGGGGTTGGTGATTTGGGGGACAGTGCTACACTCGTCTCCACTGTTTGTTTTACTTCCCCAAAATGGACCTTTTTTTTTTCTAAAGAGTCCCAGAGAATGGGGAATTGTTCCTGTAAATATATATTTTTCAAAGTGACTCCGGAGGCGACAAGCACTTTTTCTCCGATTTTCTCAGGACTAGCCCAGCGTTGCACGCAGTACGATACAGGGAGGGGTCAAGGCAGAGGTCGATCCATAGAGAAACGGCCAGAAAGCGCTAACCAGAAACAATAGTAGGGACTGCATATCGGTAACCATTAGCCCTTCAGAGACGTGGAAAGCGAGTATCACCATCCAGAGTAGTCAGAAGTCCTAACCACAGACTTTAAAACGAAGCTCTAGGACGGAAATGCAAGCCACTTTTCAGAAAATAACAGAGCCCCGAATAATAGTCAAGGTACTGTACAAGAACCCCATACCGTATTCACAAAATAATGTCTACGAGAAGGGAACGGGGACTGCAGCCCT
100.0% - #1_100.0% - #3,CAAAAGACTCCTGGGCTCACCTGTTAGCGCTGGCCCAGCCCAGGCCTTGGGACCTGGGGGTTGGTGATTTGGGGGACAGTGCTACACTCGTCTCCACTGTTTGTTTTACTTCCCCAAAATGGACCTTTTTTTTTTCTAAAGAGTCCCAGAGAATGGGGAATTGTTCCTGTAAATATATATTTTTCAAAGTGACTCCGGAGGCGACAAGCACTTTTTCTCCGATTTTCTCAGGACTAGCCCAGCGTTGCACGCAGTACGATACAGGGAGGGGTCAAGGCAGAGGTCGATCCATAGAGAAACGGCCAGAAAGCGCTAACCAGAAACAATAGTAGGGACTGCATATCGGTAACCATAGCAACGTCAGAGACGTGGAAAGCGAACATACGCGAAAAGAGCGAACAGAAGTAGTCACCACAGACTTTTAAGGGTCGCTCTATCAAGGAAATTCGCGCATAGTTTCAGAAAATAACTCAGCCCAGAGTAATAGTCAAGGTACTGTACAAGAACCCGAAACCGTAATCACAAAATAATGTCTACGAGAAGGGAACGGGGACTGCAGCCCT
100.0% - #2_10.0% - #1,CAAAAGACTCCTGGGCTCACCTGTTAGCGCTGGCCCAGCCCAGGCCTTGGGACCTGGGGGTTGGTGATTTGGGGGACAGTGCTACACTCGTCTCCACTGTTTGTTTTACTTCCCCAAAATGGACCTTTTTTTTTTCTAAAGAGTCCCAGAGAATGGGGAATTGTTCCTGTAAATATATATTTTTCAAAGTGAAGCACGAGGCCACCTGCACTTTTTCTCCAAGCTTATCAGGACTAGCTCAGCGCAGCACGCACCACGCCCTTAAGAGGGTAGTAGGCAGAGGTCGATTCTCAGAGAAACGGGTCGAGCGCGTCTAATAGAAACAATAGTAGGGACTGCATATCGGTAACCATGTGTGTGTCAGAGACGTGGAAAGCTGTGATTGTGTGTGAGAGTGTGCAGAAGTTGTGACCACAGACTTTTGATGGTGTGTCTATGTGGGAAATTGTGGCTGTGTTTCAGAAAATAACTGAGCCTGGATGAATAGTCAAGGTACTGTACAAGAACCTGTGATGGTATGCACAAAATAATGTCTACGAGAAGGGAACGGGGACTGCAGCCCT
100.0% - #2_25.0% - #1,CAAAAGACTCCTGGGCTCACCTGTTAGCGCTGGCCCAGCCCAGGCCTTGGGACCTGGGGGTTGGTGATTTGGGGGACAGTGCTACACTCGTCTCCACTGTTTGTTTTACTTCCCCAAAATGGACCTTTTTTTTTTCTAAAGAGTCCCAGAGAATGGGGAATTGTTCCTGTAAATATATATTTTTCAAAGTGAAGCACGAGGCCACCTGCACTTTTTCTCCAAGCTTATCAGGACTAGCTCAGCGCAGCACGCACCACGCCCTTAAGAGGGTAGTAGGCAGAGGTCGATTCTCAGAGAAACGGGTCGAGCGCGTCTAATAGAAACAATAGTAGGGACTGCATATCGGTAACCATGTGTGTGTCAGAGACGTGGAAAGCTGTGATTGTGTGTGAGAGTGTGCAGAAGTTGTGACCACAGACTTTTGATGGTGTGTCTATGTGGGAAATTGTGGCTGTGTTTCAGAAAATAACTGAGCCTGGATGAATAGTCAAGGTACTGTACAAGAACCTGTGATGGTATGCACAAAATAATGTCTACGAGAAGGGAACGGGGACTGCAGCCCT
100.0% - #2_50.0% - #1,CAAAAGACTCCTGGGCTCACCTGTTAGCGCTGGCCCAGCCCAGGCCTTGGGACCTGGGGGTTGGTGATTTGGGGGACAGTGCTACACTCGTCTCCACTGTTTGTTTTACTTCCCCAAAATGGACCTTTTTTTTTTCTAAAGAGTCCCAGAGAATGGGGAATTGTTCCTGTAAATATATATTTTTCAAAGTGAAGCACGAGGCCACCTGCACTTTTTCTCCAAGCTTATCAGGACTAGCTCAGCGCAGCACGCACCACGCCCTTAAGAGGGTAGTAGGCAGAGGTCGATTCTCAGAGAAACGGGTCGAGCGCGTCTAATAGAAACAATAGTAGGGACTGCATATCGGTAACCATCTTCGGTTCAGAGACGTGGAAAGCTGTGATTGTGTGTGAGAGTGTGCAGAAGTTGTGACCACAGACTTTTGATGGTGTGTCTATGTGGGAAATTGTGGCTGTGTTTCAGAAAATAACTGAGCCTGGATGAATAGTCAAGGTACTGTACAAGAACCTGTGATGGTATGCACAAAATAATGTCTACGAGAAGGGAACGGGGACTGCAGCCCT
100.0% - #2_10.0% - #2,CAAAAGACTCCTGGGCTCACCTGTTAGCGCTGGCCCAGCCCAGGCCTTGGGACCTGGGGGTTGGTGATTTGGGGGACAGTGCTACACTCGTCTCCACTGTTTGTTTTACTTCCCCAAAATGGACCTTTTTTTTTTCTAAAGAGTCCCAGAGAATGGGGAATTGTTCCTGTAAATATATATTTTTCAAAGTGAAGCACGAGGCCACCTGCACTTTTTCTCCAAGCTTATCAGGACTAGCTCAGCGCAGCACGCACCACGCCCTTAAGAGGGTAGTAGGCAGAGGTCGATTCTCAGAGAAACGGGTCGAGCGCGTCTAATAGAAACAATAGTAGGGACTGCATATCGGTAACCATGTGTGTGTCAGAGACGTGGAAAGCTGTGATTCTGTGTGAGAGTGTGCAGAAGTTGTGACCACAGACTTTTGATGGTGTGTCTATGTGGGAAATTGTGGCTGTGTTTCAGAAAATAACTGAGCCTGGATGAATAGTCAAGGTACTGTACAAGAACCTGTGATGGTATGCACAAAATAATGTCTACGAGAAGGGAACGGGGACTGCAGCCCT
100.0% - #2_10.0% - #3,CAAAAGACTCCTGGGCTCACCTGTTAGCGCTGGCCCAGCCCAGGCCTTGGGACCTGGGGGTTGGTGATTTGGGGGACAGTGCTACACTCGTCTCCACTGTTTGTTTTACTTCCCCAAAATGGACCTTTTTTTTTTCTAAAGAGTCCCAGAGAATGGGGAATTGTTCCTGTAAATATATATTTTTCAAAGTGAAGCACGAGGCCACCTGCACTTTTTCTCCAAGCTTATCAGGACTAGCTCAGCGCAGCACGCACCACGCCCTTAAGAGGGTAGTAGGCAGAGGTCGATTCTCAGAGAAACGGGTCGAGCGCGTCTAATAGAAACAATAGTAGGGACTGCATATCGGTAACCATGTGAGTGTCAGAGACGTGGAAAGCTGTGATTGTGTGTGAGAGTGTGCAGAAGTAGTGACCACAGACTTTTGATGGTGTGTCTATGTGGGAAATTGTGGCTGTGTTTCAGAAAATAACTGAGCCTGGATGAATAGTCAAGGTACTGTACAAGAACCTGTGATGGTATGCACAAAATAATGTCTACGAGAAGGGAACGGGGACTGCAGCCCT
100.0% - #2_25.0% - #2,CAAAAGACTCCTGGGCTCACCTGTTAGCGCTGGCCCAGCCCAGGCCTTGGGACCTGGGGGTTGGTGATTTGGGGGACAGTGCTACACTCGTCTCCACTGTTTGTTTTACTTCCCCAAAATGGACCTTTTTTTTTTCTAAAGAGTCCCAGAGAATGGGGAATTGTTCCTGTAAATATATATTTTTCAAAGTGAAGCACGAGGCCACCTGCACTTTTTCTCCAAGCTTATCAGGACTAGCTCAGCGCAGCACGCACCACGCCCTTAAGAGGGTAGTAGGCAGAGGTCGATTCTCAGAGAAACGGGTCGAGCGCGTCTAATAGAAACAATAGTAGGGACTGCATATCGGTAACCATGTGTGGTTCAGAGACGTGGAAAGCTGTGATTGTGTGAGAGAGTGTGCAGAAGTTGCTACCACAGACTTTTGATGGTGTGTCTATGTGGGAAATCTTGGCTAGCTTTCAGAAAATAACCTAGCCTGGATGAATAGTCAAGGTACTGTACAAGAACCTGCTATGGTATGCACAAAATAATGTCTACGAGAAGGGAACGGGGACTGCAGCCCT
100.0% - #2_25.0% - #3,CAAAAGACTCCTGGGCTCACCTGTTAGCGCTGGCCCAGCCCAGGCCTTGGGACCTGGGGGTTGGTGATTTGGGGGACAGTGCTACACTCGTCTCCACTGTTTGTTTTACTTCCCCAAAATGGACCTTTTTTTTTTCTAAAGAGTCCCAGAGAATGGGGAATTGTTCCTGTAAATATATATTTTTCAAAGTGAAGCACGAGGCCACCTGCACTTTTTCTCCAAGCTTATCAGGACTAGCTCAGCGCAGCACGCACCACGCCCTTAAGAGGGTAGTAGGCAGAGGTCGATTCTCAGAGAAACGGGTCGAGCGCGTCTAATAGAAACAATAGTAGGGACTGCATATCGGTAACCATACACACCTCAGAGACGTGGAAAGCTGTGATTGTGTGTGAGAGTGTGCAGAAGTTGTGACCACAGACTTTGCATAGTGTGTCTATGTGGGAAATTCCGGCTATGTTTCAGAAAATAACTGAGCCGAGACTAATAGTCAAGGTACTGTACAAGAACCTGTGATGGTATGCACAAAATAATGTCTACGAGAAGGGAACGGGGACTGCAGCCCT
100.0% - #2_50.0% - #2,CAAAAGACTCCTGGGCTCACCTGTTAGCGCTGGCCCAGCCCAGGCCTTGGGACCTGGGGGTTGGTGATTTGGGGGACAGTGCTACACTCGTCTCCACTGTTTGTTTTACTTCCCCAAAATGGACCTTTTTTTTTTCTAAAGAGTCCCAGAGAATGGGGAATTGTTCCTGTAAATATATATTTTTCAAAGTGAAGCACGAGGCCACCTGCACTTTTTCTCCAAGCTTATCAGGACTAGCTCAGCGCAGCACGCACCACGCCCTTAAGAGGGTAGTAGGCAGAGGTCGATTCTCAGAGAAACGGGTCGAGCGCGTCTAATAGAAACAATAGTAGGGACTGCATATCGGTAACCACACATGTGTCAGAGACGTGGAAAGCTATGATTGTGCCTGAGAGTGTGCAGAAGTTGTGACCACAGACTTTTGAGGGTGACTCTATAACGGAAATAGCAGCTAGGTTTCAGAAAATAACTGAGCCTGGATGAATAGTCAAGGTACTGTACAAGAACCTTAGAGGGTAGTCACAAAATAATGTCTACGAGAAGGGAACGGGGACTGCAGCCCT
100.0% - #2_50.0% - #3,CAAAAGACTCCTGGGCTCACCTGTTAGCGCTGGCCCAGCCCAGGCCTTGGGACCTGGGGGTTGGTGATTTGGGGGACAGTGCTACACTCGTCTCCACTGTTTGTTTTACTTCCCCAAAATGGACCTTTTTTTTTTCTAAAGAGTCCCAGAGAATGGGGAATTGTTCCTGTAAATATATATTTTTCAAAGTGAAGCACGAGGCCACCTGCACTTTTTCTCCAAGCTTATCAGGACTAGCTCAGCGCAGCACGCACCACGCCCTTAAGAGGGTAGTAGGCAGAGGTCGATTCTCAGAGAAACGGGTCGAGCGCGTCTAATAGAAACAATAGTAGGGACTGCATATCGGTAACCATGTGTGTGTCAGAGACGTGGAAAGCCTTGATAGCGCACGAGAGTAAGCAGAAGTATACACCACAGACTTTCAACAGAGCATCTACACTGGAAATTGTGGCTGTGTTTCAGAAAATAACTGAGCCTGGATGAATAGTCAAGGTACTGTACAAGAACCAGGCATAGTATGCACAAAATAATGTCTACGAGAAGGGAACGGGGACTGCAGCCCT
100.0% - #2_100.0% - #1,CAAAAGACTCCTGGGCTCACCTGTTAGCGCTGGCCCAGCCCAGGCCTTGGGACCTGGGGGTTGGTGATTTGGGGGACAGTGCTACACTCGTCTCCACTGTTTGTTTTACTTCCCCAAAATGGACCTTTTTTTTTTCTAAAGAGTCCCAGAGAATGGGGAATTGTTCCTGTAAATATATATTTTTCAAAGTGAAGCACGAGGCCACCTGCACTTTTTCTCCAAGCTTATCAGGACTAGCTCAGCGCAGCACGCACCACGCCCTTAAGAGGGTAGTAGGCAGAGGTCGATTCTCAGAGAAACGGGTCGAGCGCGTCTAATAGAAACAATAGTAGGGACTGCATATCGGTAACCAGAGGTTACTCAGAGACGTGGAAAGCCCATATCTAGAAGGAGAGAAGTCAGAAGTCGACACCACAGACTTTAGACCGCCCATCTATAATGGAAATTTCGGCACTCTTTCAGAAAATAACCCAGCCTAGAAGAATAGTCAAGGTACTGTACAAGAACCCACGAAAGTAGACACAAAATAATGTCTACGAGAAGGGAACGGGGACTGCAGCCCT
100.0% - #2_100.0% - #2,CAAAAGACTCCTGGGCTCACCTGTTAGCGCTGGCCCAGCCCAGGCCTTGGGACCTGGGGGTTGGTGATTTGGGGGACAGTGCTACACTCGTCTCCACTGTTTGTTTTACTTCCCCAAAATGGACCTTTTTTTTTTCTAAAGAGTCCCAGAGAATGGGGAATTGTTCCTGTAAATATATATTTTTCAAAGTGAAGCACGAGGCCACCTGCACTTTTTCTCCAAGCTTATCAGGACTAGCTCAGCGCAGCACGCACCACGCCCTTAAGAGGGTAGTAGGCAGAGGTCGATTCTCAGAGAAACGGGTCGAGCGCGTCTAATAGAAACAATAGTAGGGACTGCATATCGGTAACCATTAGCCCTTCAGAGACGTGGAAAGCGAGTATCACCATCCAGAGTAGTCAGAAGTCCTAACCACAGACTTTAAAACGAAGCTCTAGGACGGAAATGCAAGCCACTTTTCAGAAAATAACAGAGCCCCGAATAATAGTCAAGGTACTGTACAAGAACCCCATACCGTATTCACAAAATAATGTCTACGAGAAGGGAACGGGGACTGCAGCCCT
100.0% - #2_100.0% - #3,CAAAAGACTCCTGGGCTCACCTGTTAGCGCTGGCCCAGCCCAGGCCTTGGGACCTGGGGGTTGGTGATTTGGGGGACAGTGCTACACTCGTCTCCACTGTTTGTTTTACTTCCCCAAAATGGACCTTTTTTTTTTCTAAAGAGTCCCAGAGAATGGGGAATTGTTCCTGTAAATATATATTTTTCAAAGTGAAGCACGAGGCCACCTGCACTTTTTCTCCAAGCTTATCAGGACTAGCTCAGCGCAGCACGCACCACGCCCTTAAGAGGGTAGTAGGCAGAGGTCGATTCTCAGAGAAACGGGTCGAGCGCGTCTAATAGAAACAATAGTAGGGACTGCATATCGGTAACCATAGCAACGTCAGAGACGTGGAAAGCGAACATACGCGAAAAGAGCGAACAGAAGTAGTCACCACAGACTTTTAAGGGTCGCTCTATCAAGGAAATTCGCGCATAGTTTCAGAAAATAACTCAGCCCAGAGTAATAGTCAAGGTACTGTACAAGAACCCGAAACCGTAATCACAAAATAATGTCTACGAGAAGGGAACGGGGACTGCAGCCCT
100.0% - #3_10.0% - #1,CAAAAGACTCCTGGGCTCACCTGTTAGCGCTGGCCCAGCCCAGGCCTTGGGACCTGGGGGTTGGTGATTTGGGGGACAGTGCTACACTCGTCTCCACTGTTTGTTTTACTTCCCCAAAATGGACCTTTTTTTTTTCTAAAGAGTCCCAGAGAATGGGGAATTGTTCCTGTAAATATATATTTTTCAAAGTGAATCTAGAGGCCCCCGGCACTTTTTCTCAAAGGTACTCAGGACTAGCAAAGCGGGGCACGCATAACGCGCAGAGGAGGGTAGAAGGCAGAGGTCGATACGTAGAGAAACGGACGTACCGCGTTAGTCAGAAACAATAGTAGGGACTGCATATCGGTAACCATGTGTGTGTCAGAGACGTGGAAAGCTGTGATTGTGTGTGAGAGTGTGCAGAAGTTGTGACCACAGACTTTTGATGGTGTGTCTATGTGGGAAATTGTGGCTGTGTTTCAGAAAATAACTGAGCCTGGATGAATAGTCAAGGTACTGTACAAGAACCTGTGATGGTATGCACAAAATAATGTCTACGAGAAGGGAACGGGGACTGCAGCCCT
100.0% - #3_25.0% - #1,CAAAAGACTCCTGGGCTCACCTGTTAGCGCTGGCCCAGCCCAGGCCTTGGGACCTGGGGGTTGGTGATTTGGGGGACAGTGCTACACTCGTCTCCACTGTTTGTTTTACTTCCCCAAAATGGACCTTTTTTTTTTCTAAAGAGTCCCAGAGAATGGGGAATTGTTCCTGTAAATATATATTTTTCAAAGTGAATCTAGAGGCCCCCGGCACTTTTTCTCAAAGGTACTCAGGACTAGCAAAGCGGGGCACGCATAACGCGCAGAGGAGGGTAGAAGGCAGAGGTCGATACGTAGAGAAACGGACGTACCGCGTTAGTCAGAAACAATAGTAGGGACTGCATATCGGTAACCATGTGTGTGTCAGAGACGTGGAAAGCTGTGATTGTGTGTGAGAGTGTGCAGAAGTTGTGACCACAGACTTTTGATGGTGTGTCTATGTGGGAAATTGTGGCTGTGTTTCAGAAAATAACTGAGCCTGGATGAATAGTCAAGGTACTGTACAAGAACCTGTGATGGTATGCACAAAATAATGTCTACGAGAAGGGAACGGGGACTGCAGCCCT
100.0% - #3_50.0% - #1,CAAAAGACTCCTGGGCTCACCTGTTAGCGCTGGCCCAGCCCAGGCCTTGGGACCTGGGGGTTGGTGATTTGGGGGACAGTGCTACACTCGTCTCCACTGTTTGTTTTACTTCCCCAAAATGGACCTTTTTTTTTTCTAAAGAGTCCCAGAGAATGGGGAATTGTTCCTGTAAATATATATTTTTCAAAGTGAATCTAGAGGCCCCCGGCACTTTTTCTCAAAGGTACTCAGGACTAGCAAAGCGGGGCACGCATAACGCGCAGAGGAGGGTAGAAGGCAGAGGTCGATACGTAGAGAAACGGACGTACCGCGTTAGTCAGAAACAATAGTAGGGACTGCATATCGGTAACCATCTTCGGTTCAGAGACGTGGAAAGCTGTGATTGTGTGTGAGAGTGTGCAGAAGTTGTGACCACAGACTTTTGATGGTGTGTCTATGTGGGAAATTGTGGCTGTGTTTCAGAAAATAACTGAGCCTGGATGAATAGTCAAGGTACTGTACAAGAACCTGTGATGGTATGCACAAAATAATGTCTACGAGAAGGGAACGGGGACTGCAGCCCT
100.0% - #3_10.0% - #2,CAAAAGACTCCTGGGCTCACCTGTTAGCGCTGGCCCAGCCCAGGCCTTGGGACCTGGGGGTTGGTGATTTGGGGGACAGTGCTACACTCGTCTCCACTGTTTGTTTTACTTCCCCAAAATGGACCTTTTTTTTTTCTAAAGAGTCCCAGAGAATGGGGAATTGTTCCTGTAAATATATATTTTTCAAAGTGAATCTAGAGGCCCCCGGCACTTTTTCTCAAAGGTACTCAGGACTAGCAAAGCGGGGCACGCATAACGCGCAGAGGAGGGTAGAAGGCAGAGGTCGATACGTAGAGAAACGGACGTACCGCGTTAGTCAGAAACAATAGTAGGGACTGCATATCGGTAACCATGTGTGTGTCAGAGACGTGGAAAGCTGTGATTCTGTGTGAGAGTGTGCAGAAGTTGTGACCACAGACTTTTGATGGTGTGTCTATGTGGGAAATTGTGGCTGTGTTTCAGAAAATAACTGAGCCTGGATGAATAGTCAAGGTACTGTACAAGAACCTGTGATGGTATGCACAAAATAATGTCTACGAGAAGGGAACGGGGACTGCAGCCCT
100.0% - #3_10.0% - #3,CAAAAGACTCCTGGGCTCACCTGTTAGCGCTGGCCCAGCCCAGGCCTTGGGACCTGGGGGTTGGTGATTTGGGGGACAGTGCTACACTCGTCTCCACTGTTTGTTTTACTTCCCCAAAATGGACCTTTTTTTTTTCTAAAGAGTCCCAGAGAATGGGGAATTGTTCCTGTAAATATATATTTTTCAAAGTGAATCTAGAGGCCCCCGGCACTTTTTCTCAAAGGTACTCAGGACTAGCAAAGCGGGGCACGCATAACGCGCAGAGGAGGGTAGAAGGCAGAGGTCGATACGTAGAGAAACGGACGTACCGCGTTAGTCAGAAACAATAGTAGGGACTGCATATCGGTAACCATGTGAGTGTCAGAGACGTGGAAAGCTGTGATTGTGTGTGAGAGTGTGCAGAAGTAGTGACCACAGACTTTTGATGGTGTGTCTATGTGGGAAATTGTGGCTGTGTTTCAGAAAATAACTGAGCCTGGATGAATAGTCAAGGTACTGTACAAGAACCTGTGATGGTATGCACAAAATAATGTCTACGAGAAGGGAACGGGGACTGCAGCCCT
100.0% - #3_25.0% - #2,CAAAAGACTCCTGGGCTCACCTGTTAGCGCTGGCCCAGCCCAGGCCTTGGGACCTGGGGGTTGGTGATTTGGGGGACAGTGCTACACTCGTCTCCACTGTTTGTTTTACTTCCCCAAAATGGACCTTTTTTTTTTCTAAAGAGTCCCAGAGAATGGGGAATTGTTCCTGTAAATATATATTTTTCAAAGTGAATCTAGAGGCCCCCGGCACTTTTTCTCAAAGGTACTCAGGACTAGCAAAGCGGGGCACGCATAACGCGCAGAGGAGGGTAGAAGGCAGAGGTCGATACGTAGAGAAACGGACGTACCGCGTTAGTCAGAAACAATAGTAGGGACTGCATATCGGTAACCATGTGTGGTTCAGAGACGTGGAAAGCTGTGATTGTGTGAGAGAGTGTGCAGAAGTTGCTACCACAGACTTTTGATGGTGTGTCTATGTGGGAAATCTTGGCTAGCTTTCAGAAAATAACCTAGCCTGGATGAATAGTCAAGGTACTGTACAAGAACCTGCTATGGTATGCACAAAATAATGTCTACGAGAAGGGAACGGGGACTGCAGCCCT
100.0% - #3_25.0% - #3,CAAAAGACTCCTGGGCTCACCTGTTAGCGCTGGCCCAGCCCAGGCCTTGGGACCTGGGGGTTGGTGATTTGGGGGACAGTGCTACACTCGTCTCCACTGTTTGTTTTACTTCCCCAAAATGGACCTTTTTTTTTTCTAAAGAGTCCCAGAGAATGGGGAATTGTTCCTGTAAATATATATTTTTCAAAGTGAATCTAGAGGCCCCCGGCACTTTTTCTCAAAGGTACTCAGGACTAGCAAAGCGGGGCACGCATAACGCGCAGAGGAGGGTAGAAGGCAGAGGTCGATACGTAGAGAAACGGACGTACCGCGTTAGTCAGAAACAATAGTAGGGACTGCATATCGGTAACCATACACACCTCAGAGACGTGGAAAGCTGTGATTGTGTGTGAGAGTGTGCAGAAGTTGTGACCACAGACTTTGCATAGTGTGTCTATGTGGGAAATTCCGGCTATGTTTCAGAAAATAACTGAGCCGAGACTAATAGTCAAGGTACTGTACAAGAACCTGTGATGGTATGCACAAAATAATGTCTACGAGAAGGGAACGGGGACTGCAGCCCT
100.0% - #3_50.0% - #2,CAAAAGACTCCTGGGCTCACCTGTTAGCGCTGGCCCAGCCCAGGCCTTGGGACCTGGGGGTTGGTGATTTGGGGGACAGTGCTACACTCGTCTCCACTGTTTGTTTTACTTCCCCAAAATGGACCTTTTTTTTTTCTAAAGAGTCCCAGAGAATGGGGAATTGTTCCTGTAAATATATATTTTTCAAAGTGAATCTAGAGGCCCCCGGCACTTTTTCTCAAAGGTACTCAGGACTAGCAAAGCGGGGCACGCATAACGCGCAGAGGAGGGTAGAAGGCAGAGGTCGATACGTAGAGAAACGGACGTACCGCGTTAGTCAGAAACAATAGTAGGGACTGCATATCGGTAACCACACATGTGTCAGAGACGTGGAAAGCTATGATTGTGCCTGAGAGTGTGCAGAAGTTGTGACCACAGACTTTTGAGGGTGACTCTATAACGGAAATAGCAGCTAGGTTTCAGAAAATAACTGAGCCTGGATGAATAGTCAAGGTACTGTACAAGAACCTTAGAGGGTAGTCACAAAATAATGTCTACGAGAAGGGAACGGGGACTGCAGCCCT
100.0% - #3_50.0% - #3,CAAAAGACTCCTGGGCTCACCTGTTAGCGCTGGCCCAGCCCAGGCCTTGGGACCTGGGGGTTGGTGATTTGGGGGACAGTGCTACACTCGTCTCCACTGTTTGTTTTACTTCCCCAAAATGGACCTTTTTTTTTTCTAAAGAGTCCCAGAGAATGGGGAATTGTTCCTGTAAATATATATTTTTCAAAGTGAATCTAGAGGCCCCCGGCACTTTTTCTCAAAGGTACTCAGGACTAGCAAAGCGGGGCACGCATAACGCGCAGAGGAGGGTAGAAGGCAGAGGTCGATACGTAGAGAAACGGACGTACCGCGTTAGTCAGAAACAATAGTAGGGACTGCATATCGGTAACCATGTGTGTGTCAGAGACGTGGAAAGCCTTGATAGCGCACGAGAGTAAGCAGAAGTATACACCACAGACTTTCAACAGAGCATCTACACTGGAAATTGTGGCTGTGTTTCAGAAAATAACTGAGCCTGGATGAATAGTCAAGGTACTGTACAAGAACCAGGCATAGTATGCACAAAATAATGTCTACGAGAAGGGAACGGGGACTGCAGCCCT
100.0% - #3_100.0% - #1,CAAAAGACTCCTGGGCTCACCTGTTAGCGCTGGCCCAGCCCAGGCCTTGGGACCTGGGGGTTGGTGATTTGGGGGACAGTGCTACACTCGTCTCCACTGTTTGTTTTACTTCCCCAAAATGGACCTTTTTTTTTTCTAAAGAGTCCCAGAGAATGGGGAATTGTTCCTGTAAATATATATTTTTCAAAGTGAATCTAGAGGCCCCCGGCACTTTTTCTCAAAGGTACTCAGGACTAGCAAAGCGGGGCACGCATAACGCGCAGAGGAGGGTAGAAGGCAGAGGTCGATACGTAGAGAAACGGACGTACCGCGTTAGTCAGAAACAATAGTAGGGACTGCATATCGGTAACCAGAGGTTACTCAGAGACGTGGAAAGCCCATATCTAGAAGGAGAGAAGTCAGAAGTCGACACCACAGACTTTAGACCGCCCATCTATAATGGAAATTTCGGCACTCTTTCAGAAAATAACCCAGCCTAGAAGAATAGTCAAGGTACTGTACAAGAACCCACGAAAGTAGACACAAAATAATGTCTACGAGAAGGGAACGGGGACTGCAGCCCT
100.0% - #3_100.0% - #2,CAAAAGACTCCTGGGCTCACCTGTTAGCGCTGGCCCAGCCCAGGCCTTGGGACCTGGGGGTTGGTGATTTGGGGGACAGTGCTACACTCGTCTCCACTGTTTGTTTTACTTCCCCAAAATGGACCTTTTTTTTTTCTAAAGAGTCCCAGAGAATGGGGAATTGTTCCTGTAAATATATATTTTTCAAAGTGAATCTAGAGGCCCCCGGCACTTTTTCTCAAAGGTACTCAGGACTAGCAAAGCGGGGCACGCATAACGCGCAGAGGAGGGTAGAAGGCAGAGGTCGATACGTAGAGAAACGGACGTACCGCGTTAGTCAGAAACAATAGTAGGGACTGCATATCGGTAACCATTAGCCCTTCAGAGACGTGGAAAGCGAGTATCACCATCCAGAGTAGTCAGAAGTCCTAACCACAGACTTTAAAACGAAGCTCTAGGACGGAAATGCAAGCCACTTTTCAGAAAATAACAGAGCCCCGAATAATAGTCAAGGTACTGTACAAGAACCCCATACCGTATTCACAAAATAATGTCTACGAGAAGGGAACGGGGACTGCAGCCCT
100.0% - #3_100.0% - #3,CAAAAGACTCCTGGGCTCACCTGTTAGCGCTGGCCCAGCCCAGGCCTTGGGACCTGGGGGTTGGTGATTTGGGGGACAGTGCTACACTCGTCTCCACTGTTTGTTTTACTTCCCCAAAATGGACCTTTTTTTTTTCTAAAGAGTCCCAGAGAATGGGGAATTGTTCCTGTAAATATATATTTTTCAAAGTGAATCTAGAGGCCCCCGGCACTTTTTCTCAAAGGTACTCAGGACTAGCAAAGCGGGGCACGCATAACGCGCAGAGGAGGGTAGAAGGCAGAGGTCGATACGTAGAGAAACGGACGTACCGCGTTAGTCAGAAACAATAGTAGGGACTGCATATCGGTAACCATAGCAACGTCAGAGACGTGGAAAGCGAACATACGCGAAAAGAGCGAACAGAAGTAGTCACCACAGACTTTTAAGGGTCGCTCTATCAAGGAAATTCGCGCATAGTTTCAGAAAATAACTCAGCCCAGAGTAATAGTCAAGGTACTGTACAAGAACCCGAAACCGTAATCACAAAATAATGTCTACGAGAAGGGAACGGGGACTGCAGCCCT
