Pool name,oPools_3_sequence
ELK1_oPools_3,AAACAATAGTAGGGACTGCATATCGGTAACCATGTGTGTGTCAGAGACGTGGAAAGCTGTGATTGTGTGTGAGAGTGTGCAGAAGTTGTGACCACAGACTTTTGATGGTGTGTCTATGTGGGAAATTGTGGCTGTGTTTCAGAAAATAACTGAGCCTGGATGAATAGTCAAGGTACTGTACAAGAACCTGTGATGGTATGCACAAAATAATGTCTACGAGAAGGGAACGGGGACTGCAGCCCT
ELK1_oPools_3,AAACAATAGTAGGGACTGCATATCGGTAACCATGTGTGTGTCAGAGACGTGGAAAGCTGTGATTGTGTGTGAGAGTGTGCAGAAGTTGTGACCACAGACTTTTGATGGTGTGTCTATGTGGGAAATTGTGGCTGTGTTTCAGAAAATAACTGAGCCGAGATGAATAGTCAAGGTACTGTACAAGAACCTGTGATGGTATGCACAAAATAATGTCTACGAGAAGGGAACGGGGACTGCAGCCCT
ELK1_oPools_3,AAACAATAGTAGGGACTGCATATCGGTAACCATGTGTGTGTCAGAGACGTGGAAAGCTGTGATTGCATGTGAGAGTGTGCAGAAGTTGTGACCACAGACTTTTGATGGTGTGTCTATGTGGGAAATTGTGGCTGTGTTTCAGAAAATAACTGAGCCTGGATGAATAGTCAAGGTACTGTACAAGAACCTGTGATGGTATGCACAAAATAATGTCTACGAGAAGGGAACGGGGACTGCAGCCCT
ELK1_oPools_3,AAACAATAGTAGGGACTGCATATCGGTAACCAGTTGTGTGTCAGAGACGTGGAAAGCTGTGATTGTGCAGTAGAGTGCTCAGAAGTTGTGACCACAGACTTTTGACGGTGAATCTATGTGGGAAATTGTGGCTGTGTTTCAGAAAATAACTGAGCCTGGATGAATAGTCAAGGTACTGTACAAGAACCTGTTACCGTATGCACAAAATAATGTCTACGAGAAGGGAACGGGGACTGCAGCCCT
ELK1_oPools_3,AAACAATAGTAGGGACTGCATATCGGTAACCATGTGTGTGTCAGAGACGTGGAAAGCGATGATTGTGTGTGAGAGTGTGCAGAAGTTGTGACCACAGACTTTTGATGGTGTGTCTAGATGGGAAATTGTCGCTGTGTTTCAGAAAATAACTGAGCCGAGATGAATAGTCAAGGTACTGTACAAGAACCTATGAGGGTATGCACAAAATAATGTCTACGAGAAGGGAACGGGGACTGCAGCCCT
ELK1_oPools_3,AAACAATAGTAGGGACTGCATATCGGTAACCACTAAGACCTCAGAGACGTGGAAAGCTGTGATTGTGTGTGAGAGTGTGCAGAAGTTGTGACCACAGACTTTTGATGGTGTGTCTATGTGGGAAATTGTGGCTGTGTTTCAGAAAATAACTGAGCCTGGATGAATAGTCAAGGTACTGTACAAGAACCTGTGATGGTATGCACAAAATAATGTCTACGAGAAGGGAACGGGGACTGCAGCCCT
ELK1_oPools_3,AAACAATAGTAGGGACTGCATATCGGTAACCAAGTGTGAGTCAGAGACGTGGAAAGCTGTGATTGTGTGTGAGAGTGTGCAGAAGTTGTGACCACAGACTTTTCAACGGTTGTCTACCTAGGAAATACGGGCTCATTTTCAGAAAATAACTGAGCCTCGATGAATAGTCAAGGTACTGTACAAGAACCCCCCATAGTATTCACAAAATAATGTCTACGAGAAGGGAACGGGGACTGCAGCCCT
ELK1_oPools_3,AAACAATAGTAGGGACTGCATATCGGTAACCATCGCGTAATCAGAGACGTGGAAAGCTGTGATTGTGTGTGAGAGTGTGCAGAAGTTGTGACCACAGACTTTCTAAGGTGAGTCTATGTGGGAAATTGTGGCTGTGTTTCAGAAAATAACTGAGCCTCGACTAATAGTCAAGGTACTGTACAAGAACCTCCAAGCGTATACACAAAATAATGTCTACGAGAAGGGAACGGGGACTGCAGCCCT
ELK1_oPools_3,AAACAATAGTAGGGACTGCATATCGGTAACCACTACGCATTCAGAGACGTGGAAAGCCGCTATCATCCTCGAGAGATTTCAGAAGTTCCTACCACAGACTTTCAACAGGTTCTCTAGTACGGAAATCTCAGCGAGATTTCAGAAAATAACTAAGCCCCGAAGAATAGTCAAGGTACTGTACAAGAACCCCTTAGGGTAATCACAAAATAATGTCTACGAGAAGGGAACGGGGACTGCAGCCCT
ELK1_oPools_3,AAACAATAGTAGGGACTGCATATCGGTAACCACAGGTTCTTCAGAGACGTGGAAAGCTACGATCACGTACTAGAGAAGCCAGAAGTAGACACCACAGACTTTACAGCGCTACTCTAGAATGGAAATAGAAGCTCCCTTTCAGAAAATAACAAAGCCGGGACTAATAGTCAAGGTACTGTACAAGAACCGATTATCGTAGCCACAAAATAATGTCTACGAGAAGGGAACGGGGACTGCAGCCCT
ELK1_oPools_3,AAACAATAGTAGGGACTGCATATCGGTAACCATAGCTCACTCAGAGACGTGGAAAGCACCCATTCCGACTAAGAGGATTCAGAAGTCATCACCACAGACTTTTAAGCGCGAATCTACCATGGAAATACAGGCGAAGTTTCAGAAAATAACCGAGCCTCGATTAATAGTCAAGGTACTGTACAAGAACCGGGAATCGTATACACAAAATAATGTCTACGAGAAGGGAACGGGGACTGCAGCCCT
ELK1_oPools_3,AAACAATAGTAGGGACTGCATATCGGTATGTGTGTGTGTGTGTGTGTGGTGTGATGCTGTGATTGTGTGTGTGTGTGTGTGTGTGTTGTGTGTGTGTGTGTTTGATGGTGTGTGTATGTGGTGAATTGTGGCTGTGTTTGTGAAAATAACTGTGCCTGTGTGAATTGTGATGTGTGTGTTGAATGTGCTGTGATGTGATGTGTGAAATAATGTGTACGAGAAGGGAACGGGGACTGCAGCCCT
